日期,池类型,股票代码,股票名称,现价,涨跌幅%,换手率%,连板天数,最后封板时间,首次封板时间,开板次数,封单额,流通市值,涨停原因
2026-04-15,涨停池,600581.SH,*ST八钢,2.93,5.0179,3.2365,1,14:55:44,14:55:44,,4289813.0,4491390800.0,此前复牌+特钢+中亚出口+央企
2026-04-15,涨停池,600594.SH,益佰制药,4.76,9.9307,23.6507,1,14:52:03,13:27:33,1,16813615.0,3769574400.0,阿扎胞苷获批+抗肿瘤药+民营医院
2026-04-15,涨停池,603268.SH,*ST松发,115.45,5.0023,2.828,1,14:46:47,13:34:26,8,8120868.5,26928688000.0,摘帽预期+VLCC订单+船舶制造
2026-04-15,涨停池,000889.SZ,中嘉博创,4.74,9.9768,36.6061,6,14:43:54,14:43:54,,52194354.0,4123087500.0,算力销售+5G消息+短信通道
2026-04-15,涨停池,001896.SZ,豫能控股,16.57,10.0266,17.4483,1,14:31:03,10:19:57,2,75347817.0,25282197000.0,参股算力+火电+绿电储备+河南国资
2026-04-15,涨停池,600599.SH,*ST熊猫,4.33,5.0971,4.2946,1,14:20:30,14:14:45,4,558137.0,718780000.0,退市博弈+烟花爆竹+业绩预盈
2026-04-15,涨停池,002891.SZ,中宠股份,41.84,9.9895,7.1389,1,14:20:03,14:20:03,,101214433.0,13373454500.0,宠物食品+全球化产能+自主品牌
2026-04-15,涨停池,301189.SZ,奥尼电子,86.39,20.0028,11.9081,2,14:16:54,09:40:30,3,68379413.0,9654762600.0,AI算力+沐曦合作+消费电子
2026-04-15,涨停池,605388.SH,均瑶健康,7.33,10.0601,6.5838,1,14:03:24,14:03:24,,84249261.0,4401547700.0,益生菌+味动力+扭亏预期
2026-04-15,涨停池,002990.SZ,盛视科技,42.11,10.0052,21.8894,2,13:56:57,13:53:39,1,19324279.0,5718479600.0,存算一体+人形机器人+智慧口岸
2026-04-15,涨停池,000026.SZ,飞亚达,17.82,10.0,10.0432,3,13:56:15,13:29:30,3,35536626.0,6496472300.0,拟收购长空齿轮+中航工业旗下+航空航天表+机器人
2026-04-15,涨停池,600488.SH,津药药业,6.84,9.9678,22.3897,1,13:45:53,13:23:29,6,7497324.0,7468504900.0,甾体激素+原料药出口
2026-04-15,涨停池,002051.SZ,中工国际,11.9,9.9815,9.8005,2,13:41:39,09:31:33,16,60191021.0,14724319000.0,中东重建+国际工程+算力+一带一路
2026-04-15,涨停池,605366.SH,宏柏新材,13.41,10.0082,5.3606,1,13:39:19,13:22:04,1,27721192.0,10407202000.0,有机硅+含硫硅烷+泰国项目+转债赎回
2026-04-15,涨停池,301408.SZ,华人健康,20.78,19.9769,28.4329,1,13:27:33,13:27:33,,236041910.0,4757776400.0,AI医疗+医药零售+创新药
2026-04-15,涨停池,600572.SH,康恩贝,4.8,10.0917,8.2006,1,13:27:22,13:27:22,,83696928.0,12144735800.0,创新药+中药大健康+浙江国资
2026-04-15,涨停池,000788.SZ,北大医药,6.77,10.0813,19.3954,1,13:21:57,13:21:57,,155694430.0,4034834900.0,创新药+右酮洛芬+帕利哌酮获批
2026-04-15,涨停池,605222.SH,起帆电缆,25.8,10.0213,5.7132,1,13:13:27,13:13:27,,14140980.0,10652905800.0,转债有望提前赎回+电线电缆+商业航天+海缆扩产
2026-04-15,涨停池,002124.SZ,天邦食品,3.14,10.1754,19.7438,3,13:13:18,09:32:18,5,84476453.0,6193193600.0,猪肉+预重整+销量增长
2026-04-15,涨停池,600683.SH,京投发展,9.91,9.9889,3.9571,1,13:12:23,13:12:23,,22166906.0,7341106000.0,TOD轨道物业+拟剥离地产+北京国资
2026-04-15,涨停池,688166.SH,博瑞医药,57.66,20.0,6.7328,1,13:11:04,11:22:13,1,120621895.0,24396203000.0,GLP-1+原料药-制剂一体化+港股上市预期
2026-04-15,涨停池,600605.SH,汇通能源,32.33,10.0034,9.1625,2,13:07:21,09:31:24,1,30037803.0,6669110900.0,半导体投资+上海房产租赁+战略转型
2026-04-15,涨停池,002033.SZ,丽江股份,9.94,9.9558,13.2459,1,13:06:57,10:50:06,1,51015460.0,5461833000.0,一季报预增+冰雪旅游+IP经济
2026-04-15,涨停池,603629.SH,利通电子,87.95,10.0063,17.2165,2,13:06:19,13:06:19,,152637230.0,22590133000.0,算力租赁+液冷+英伟达合作+年报预增
2026-04-15,涨停池,002705.SZ,新宝股份,17.34,10.0254,6.151,1,13:05:48,13:05:48,,80948322.0,14012513000.0,泡泡玛特代工+小家电出口+机器人
2026-04-15,涨停池,603063.SH,禾望电气,38.03,10.0087,14.4901,1,13:00:31,09:34:55,2,183878510.0,17448202000.0,电力设备+储能+风电
2026-04-15,涨停池,605289.SH,罗曼股份,126.61,10.0,5.2455,1,11:25:20,11:25:20,,74965781.0,13716611000.0,算力+液冷+AR/VR
2026-04-15,涨停池,002824.SZ,和胜股份,29.62,9.9889,15.5409,5,11:24:48,10:04:03,5,81316971.0,6516433800.0,消费电子+新能源汽车扩产+电池结构件+业绩预增
2026-04-15,涨停池,002038.SZ,双鹭药业,8.07,9.9455,16.6917,1,11:21:12,11:21:12,,104531517.0,6874941700.0,GLP-1+创新药+硝酸甘油喷雾剂
2026-04-15,涨停池,002788.SZ,鹭燕医药,15.95,10.0,18.7164,1,11:19:12,11:19:12,,121809528.0,6089611100.0,中药饮片+医药分销+海峡两岸
2026-04-15,涨停池,603150.SH,万朗磁塑,57.53,10.0,4.0788,1,11:06:17,11:06:17,,107615618.0,4917837000.0,钐铁氮+稀土永磁材料+冰箱门封
2026-04-15,涨停池,002498.SZ,汉缆股份,8.5,9.9612,5.2133,1,10:57:57,09:43:09,1,125480902.0,28277766000.0,特高压+柔性直流输电+海上风电
2026-04-15,涨停池,603216.SH,梦天家居,33.17,10.0166,4.9804,1,10:57:07,10:57:07,,31100192.0,7386627300.0,芯片概念+高端木作+智能家居
2026-04-15,涨停池,603444.SH,吉比特,393.34,10.0006,5.1566,1,10:55:19,09:38:43,5,88501500.0,28336647000.0,一季报预增+新游上线+高分红
2026-04-15,涨停池,002361.SZ,神剑股份,18.54,10.0297,38.1609,1,10:39:21,10:38:45,1,271306940.0,15001140000.0,商业航天+无人机+聚酯树脂+地方国资
2026-04-15,涨停池,603285.SH,键邦股份,34.65,10.0,11.5846,1,10:33:39,09:50:12,1,26954235.0,2158583400.0,锂电材料+环保助剂+产能扩张
2026-04-15,涨停池,603773.SH,沃格光电,49.52,9.9956,8.4061,5,10:33:35,10:33:35,,63264177.0,11125095500.0,玻璃基板+CPO+商业航天
2026-04-15,涨停池,001208.SZ,华菱线缆,21.4,10.0257,16.6495,1,10:20:48,10:20:48,,139851270.0,5727193700.0,电线电缆+商业航天+机器人+电网设备
2026-04-15,涨停池,002569.SZ,*ST步森,13.17,5.0239,1.3044,1,10:10:18,10:10:18,,9139980.0,1843226100.0,控制权变更+扭亏预告+男装品牌
2026-04-15,涨停池,600664.SH,哈药股份,4.44,9.901,18.1574,2,10:09:30,09:59:12,1,142209200.0,11182183800.0,创新药+保健品+仿制药一致性评价
2026-04-15,涨停池,003036.SZ,泰坦股份,29.7,10.0,6.2962,4,10:04:36,10:04:36,,143733090.0,6423471000.0,高端纺机+固态电池+纺织机器人
2026-04-15,涨停池,002787.SZ,华源控股,16.68,10.0264,11.1143,4,10:02:48,09:43:57,1,79231668.0,4184346700.0,半导体+锂电池结构件+金属包装+年报增长
2026-04-15,涨停池,002580.SZ,圣阳股份,25.27,10.0131,23.8553,5,09:59:39,09:30:21,11,240706450.0,11430601500.0,液冷储能+固态电池+山东国资
2026-04-15,涨停池,600267.SH,海正药业,11.39,10.0483,4.1154,1,09:57:54,09:54:39,1,65966324.0,13653890000.0,创新药+合成生物+浙江国资
2026-04-15,涨停池,000919.SZ,金陵药业,8.26,9.9867,11.9653,1,09:55:30,09:55:30,,111382094.0,5135793200.0,拟收购四药+创新药+南京国资
2026-04-15,涨停池,688805.SH,健信超导,56.92,20.0084,29.8967,1,09:52:47,09:52:47,,94036963.0,1794053500.0,医疗设备+无液氦超导+业绩高增+全球化
2026-04-15,涨停池,603890.SH,春秋电子,18.71,9.9941,15.1153,1,09:51:29,09:42:35,5,26634976.0,8359785200.0,消费电子+拟收购液冷+AIPC+人形机器人
2026-04-15,涨停池,600135.SH,乐凯胶片,11.2,10.0196,4.5261,1,09:50:15,09:50:15,,62345170.0,6197039500.0,航天系+TAC膜+锂电隔膜
2026-04-15,涨停池,603459.SH,红板科技,68.4,10.0032,32.4519,1,09:50:11,09:34:53,2,233495920.0,5407147100.0,1.6T光模块+HDI板+商业航天
2026-04-15,涨停池,002798.SZ,帝欧水华,6.67,10.066,4.2276,1,09:48:57,09:48:57,,74122316.0,3197745100.0,卫浴陶瓷+华为生态+AI布局
2026-04-15,涨停池,603021.SH,ST华鹏,8.57,5.0245,2.2022,4,09:48:38,09:43:26,1,12659261.2,2741955000.0,ST博弈+日用玻璃+轻量化技术
2026-04-15,涨停池,605098.SH,行动教育,60.15,10.0037,1.82,1,09:39:31,09:39:31,,91326166.0,7172953700.0,年报增长+高分红+AI教育+职业教育
2026-04-15,涨停池,603815.SH,交建股份,6.36,10.0346,3.5124,1,09:39:06,09:39:06,,83036796.0,3936358100.0,基建+新型城镇化+安徽国资
2026-04-15,涨停池,603327.SH,福蓉科技,10.54,10.0209,4.6202,1,09:38:39,09:37:33,1,43884207.0,11019141700.0,苹果折叠屏+铝结构件+消费电子+国企改革
2026-04-15,涨停池,000785.SZ,居然智家,2.7,10.2041,2.2299,1,09:38:15,09:35:39,2,51101742.0,15923502000.0,AI应用+智能家居+零售
2026-04-15,涨停池,688287.SH,*ST观典,1.96,20.2454,6.7604,2,09:36:00,09:32:57,1,13746123.0,726210580.0,军工装备+商业航天+无人机禁毒
2026-04-15,涨停池,605365.SH,立达信,23.67,9.9907,1.8055,1,09:35:04,09:35:04,,53730900.0,11882644800.0,LED照明+泰国基地+北美订单
2026-04-15,涨停池,603950.SH,长源东谷,59.84,10.0,3.2302,6,09:34:55,09:31:19,3,48393805.0,19364631000.0,柴油动力单元+重大资产重组+发动机零部件
2026-04-15,涨停池,002589.SZ,瑞康医药,3.59,10.1227,6.8813,1,09:34:39,09:34:39,,108408210.0,4902473700.0,医药流通+创新药
2026-04-15,涨停池,603698.SH,航天工程,39.53,9.9889,3.9296,2,09:31:47,09:30:14,2,172540940.0,21187685000.0,实控人航天科技+绿氢工程+年报增长
2026-04-15,涨停池,605081.SH,*ST太和,6.89,5.0305,1.0464,1,09:30:49,09:30:49,,6614110.6,780272330.0,退市博弈+算力设备+水环境修复
2026-04-15,涨停池,600238.SH,*ST椰岛,4.55,5.0808,1.5003,4,09:30:45,09:25:03,1,10963225.0,2025985700.0,退市风险博弈+保健酒主业+海南国资
2026-04-15,涨停池,002630.SZ,ST华西,2.11,4.9751,2.1182,2,09:30:09,09:30:09,,20975759.0,2173875800.0,ST摘帽预期+储能+高效环保锅炉
2026-04-15,涨停池,603687.SH,大胜达,18.04,10.0,3.8245,1,09:25:00,09:25:00,,271649930.0,9922574800.0,拟投GPU+钙钛矿设备+参股曲速科技+纸包装
2026-04-15,涨停池,002468.SZ,申通快递,16.39,10.0,0.6603,1,09:25:00,09:25:00,,348968410.0,24047407000.0,一季报预增+快递涨价+经济型快递
2026-04-15,涨停池,002297.SZ,博云新材,14.62,10.0075,1.7125,3,09:25:00,09:25:00,,608327220.0,8378792500.0,一季报业绩预增+商业航天+硬质合金
2026-04-15,涨停池,001270.SZ,*ST铖昌,142.37,5.0004,1.2415,6,09:25:00,09:25:00,,81416278.0,28972232000.0,T/R芯片+商业航天+扭亏为盈+摘帽预期
2026-04-15,涨停池,000004.SZ,*ST国华,3.47,5.1515,2.0724,2,09:25:00,09:25:00,,11598128.0,438218550.0,退市风险博弈+算力+移动应用安全
2026-04-15,炸板池,300097.SZ,智云股份,9.83,17.4432,20.6808,1,13:30:48,11:27:21,5,0.0,2654183000.0,未知
2026-04-15,炸板池,688618.SH,三旺通信,39.37,12.6144,10.3367,1,13:33:48,11:07:54,1,0.0,4332583800.0,未知
2026-04-15,炸板池,002980.SZ,华盛昌,70.54,9.9782,25.6121,1,14:40:42,09:31:18,67,0.0,7152046600.0,未知
2026-04-15,炸板池,002840.SZ,华统股份,13.68,8.9172,10.7761,1,14:36:57,14:33:27,1,0.0,10897904200.0,未知
2026-04-15,炸板池,603538.SH,美诺华,55.5,8.9089,32.3465,1,14:56:59,14:05:50,5,0.0,12000963000.0,未知
2026-04-15,炸板池,002060.SZ,广东建工,4.05,8.2888,9.0005,1,14:35:30,09:46:30,1,0.0,6329399400.0,未知
2026-04-15,炸板池,301682.SZ,宏明电子,125.71,7.6008,39.1198,1,09:50:00,09:49:48,1,0.0,3229090300.0,未知
2026-04-15,炸板池,002149.SZ,西部材料,53.65,7.3,26.6471,1,10:45:21,09:45:27,5,0.0,26188672000.0,未知
2026-04-15,炸板池,002552.SZ,宝鼎科技,20.36,6.8206,10.2575,1,10:02:21,09:35:24,1,0.0,7502727000.0,未知
2026-04-15,炸板池,600839.SH,四川长虹,9.35,6.3709,7.3013,1,11:06:38,10:52:05,1,0.0,43149863000.0,未知
2026-04-15,炸板池,002606.SZ,大连电瓷,12.32,6.1154,15.5628,1,10:01:30,09:41:48,1,0.0,5188470100.0,未知
2026-04-15,炸板池,000570.SZ,苏常柴A,6.13,5.8722,14.4913,1,10:53:21,09:30:03,1,0.0,3406395100.0,未知
2026-04-15,炸板池,603985.SH,恒润股份,22.31,5.4846,16.2584,1,13:15:35,13:14:17,1,0.0,9835542000.0,未知
2026-04-15,炸板池,603016.SH,新宏泰,46.16,5.244,6.979,1,13:22:26,13:22:02,1,0.0,6839065600.0,未知
2026-04-15,炸板池,603097.SH,江苏华辰,34.02,5.1298,4.6275,1,09:44:02,09:43:08,1,0.0,5443672800.0,未知
2026-04-15,炸板池,603211.SH,晋拓股份,26.91,5.1172,7.0907,1,10:27:52,10:25:52,1,0.0,7314353300.0,未知
2026-04-15,炸板池,002989.SZ,中天精装,27.13,4.749,5.6476,1,13:03:51,13:00:12,1,0.0,4973921700.0,未知
2026-04-15,炸板池,603083.SH,剑桥科技,125.8,4.2945,23.7121,1,10:23:58,10:06:34,3,0.0,34669017000.0,未知
2026-04-15,炸板池,000555.SZ,神州信息,16.0,4.1667,9.9668,1,09:37:21,09:25:00,1,0.0,15594105000.0,未知
2026-04-15,炸板池,603256.SH,宏和科技,102.07,4.1531,5.5511,1,09:41:16,09:40:52,1,0.0,89793786000.0,未知
2026-04-15,炸板池,000430.SZ,ST张家界,8.08,3.7227,6.1979,1,14:01:42,10:52:57,2,0.0,2994096400.0,未知
2026-04-15,炸板池,000711.SZ,ST京蓝,3.71,3.3426,6.775,1,14:42:48,13:07:54,9,0.0,8836031700.0,未知
2026-04-15,炸板池,002585.SZ,双星新材,7.15,3.0259,8.314,1,09:38:48,09:37:51,1,0.0,6340310600.0,未知
2026-04-15,炸板池,600152.SH,维科技术,12.07,1.5139,35.6073,1,11:03:25,09:31:19,6,0.0,6385988100.0,未知
2026-04-15,炸板池,002713.SZ,*ST东易,14.95,0.2011,7.5199,1,13:52:15,13:37:03,3,0.0,7871187400.0,未知
2026-04-15,炸板池,601588.SH,北辰实业,1.98,-4.3478,12.8341,1,09:47:47,09:25:02,2,0.0,5266800000.0,未知
2026-04-15,炸板池,600743.SH,华远控股,2.89,-9.9688,19.2043,1,09:32:46,09:30:34,1,0.0,6780231500.0,未知
2026-04-15,跌停池,000838.SZ,财信发展,1.88,-10.0478,8.6394,1,,,,0.0,1981079800.0,未知
2026-04-15,跌停池,603580.SH,*ST艾艾,18.44,-4.9974,2.6941,1,,,,0.0,2409613800.0,未知
2026-04-15,跌停池,001299.SZ,美能能源,16.69,-9.9784,17.537,1,,,,0.0,3645094600.0,未知
2026-04-15,跌停池,002575.SZ,群兴玩具,6.51,-9.9585,18.0576,1,,,,0.0,3811575700.0,未知
2026-04-15,跌停池,600743.SH,华远控股,2.89,-9.9688,19.2043,1,,,1,0.0,6780231500.0,未知
2026-04-15,跌停池,002227.SZ,奥特迅,8.02,-9.9888,6.0154,1,,,,0.0,1972412900.0,未知
2026-04-15,跌停池,002083.SZ,孚日股份,13.08,-9.9794,13.3388,1,,,,0.0,12382038300.0,未知
2026-04-15,跌停池,603843.SH,*ST正平,8.04,-4.9645,3.5734,1,,,,0.0,5624970800.0,未知
2026-04-15,跌停池,603813.SH,*ST原尚,27.66,-5.0137,1.9806,1,,,,0.0,2904714900.0,未知
2026-04-15,跌停池,600696.SH,*ST岩石,1.08,-5.2632,1.4812,1,,,,0.0,361226990.0,未知
2026-04-15,跌停池,600636.SH,*ST国化,6.75,-5.0633,1.6808,1,,,,0.0,2960798400.0,未知
2026-04-15,跌停池,603778.SH,国晟科技,26.81,-10.0034,0.724,1,,,,0.0,17235000000.0,未知
2026-04-15,跌停池,600082.SH,ST海泰,3.16,-5.1051,0.0807,1,,,,0.0,2004499900.0,未知
2026-04-15,跌停池,002634.SZ,棒杰股份,6.71,-10.0536,1.0702,1,,,,0.0,2996112500.0,未知
2026-04-16,涨停池,603687.SH,大胜达,19.84,9.9778,28.7694,2,14:55:50,09:31:56,139,26422912.0,10912632200.0,拟投GPU+钙钛矿设备+纸包装
2026-04-16,涨停池,688287.SH,*ST观典,2.35,19.898,17.24,3,14:53:17,14:44:53,1,1087551.8,870711660.0,军工装备+商业航天+无人机禁毒
2026-04-16,涨停池,601778.SH,晶科科技,6.66,10.0826,20.9686,3,14:51:11,10:54:14,19,31180801.0,23793448000.0,算电协同+储能+回购股份注销
2026-04-16,涨停池,002528.SZ,ST英飞拓,5.12,4.918,5.9701,12,14:48:42,14:48:42,,22369178.0,5377124200.0,庭外重组+深圳国资+智慧城市+AI安防
2026-04-16,涨停池,002848.SZ,*ST高斯,14.99,4.972,2.9515,1,14:48:36,14:48:36,,11081102.7,2472243900.0,算力+高频覆铜板+潍坊国资
2026-04-16,涨停池,603032.SH,德新科技,22.15,9.9801,13.6832,1,14:43:33,14:43:33,,52228858.0,5131336300.0,业绩扭亏+锂电模具+光伏减速器
2026-04-16,涨停池,000711.SZ,ST京蓝,3.9,5.1213,5.5423,3,14:39:54,14:39:54,,15682290.0,9288550900.0,铟靶材+固危废资源化+ST炒作
2026-04-16,涨停池,002875.SZ,安奈儿,20.99,10.0105,9.9638,1,14:36:51,10:32:15,30,24033550.0,3829343400.0,童装+三胎概念+跨境电商+增持完成
2026-04-16,涨停池,605336.SH,帅丰电器,15.65,9.9789,4.7611,1,14:35:19,13:25:25,27,913960.0,2870404800.0,集成灶+智能家居+退市保壳博弈
2026-04-16,涨停池,301396.SZ,宏景科技,289.42,20.0017,19.7829,1,14:33:33,13:00:03,1,81816140.0,22019384000.0,算力租赁+智慧城市+预计扭亏
2026-04-16,涨停池,000070.SZ,特发信息,20.77,10.0106,23.9174,1,14:32:00,11:02:21,11,40730801.0,18457860000.0,光纤光缆+CPO+算力租赁+深圳国资
2026-04-16,涨停池,600847.SH,万里股份,14.63,10.0,5.8648,1,14:31:44,13:57:05,7,13594196.0,2242594700.0,铅酸电池+西部大开发
2026-04-16,涨停池,002491.SZ,通鼎互联,15.62,10.0,22.1539,1,14:30:27,14:30:27,,110471466.0,18376444000.0,光纤光缆+数据中心+储能消防
2026-04-16,涨停池,600549.SH,厦门钨业,61.88,10.0089,6.3831,1,14:20:33,13:02:45,21,85694023.0,96157311000.0,收购钨矿+光伏钨丝
2026-04-16,涨停池,600284.SH,浦东建设,7.5,9.9707,4.5363,1,14:19:30,14:19:30,,79785750.0,7276920000.0,基建中标+车路协同+上海国资
2026-04-16,涨停池,002008.SZ,大族激光,86.67,10.0013,5.2551,1,14:15:57,11:11:42,20,72230951.0,82919271000.0,PCB设备+液冷核心部件焊接+光纤激光器
2026-04-16,涨停池,600719.SH,大连热电,7.33,10.0601,7.8423,1,14:15:55,14:15:55,,120217131.0,2965715100.0,热电联产+新能源注入预期+大连国资
2026-04-16,涨停池,002929.SZ,润建股份,65.29,10.0084,13.4513,7,14:14:18,14:14:18,,133272690.0,13747511000.0,算力+AI智能体+中标光伏
2026-04-16,涨停池,301148.SZ,嘉戎技术,60.23,20.004,14.9723,1,14:12:00,11:03:57,25,7456474.0,3545925600.0,锂电回收+拟并购杭州蓝然+核电废水处理+膜分离装备
2026-04-16,涨停池,603878.SH,武进不锈,8.27,9.9734,4.2091,1,14:01:05,14:01:05,,62045658.0,4640612400.0,不锈钢管+核电+光热发电
2026-04-16,涨停池,000762.SZ,西藏矿业,37.11,9.9881,14.9119,1,14:00:18,13:42:36,14,63467860.0,19326911000.0,锂盐湖+二期爬坡+宝武央企
2026-04-16,涨停池,002333.SZ,罗普斯金,6.39,9.9828,9.2151,1,13:57:48,13:57:48,,9528065.1,4258995500.0,光伏边框+车载摄像头壳体+检测业务+越南设厂
2026-04-16,涨停池,002859.SZ,洁美科技,46.33,9.9953,3.9496,1,13:57:21,13:00:24,7,38203718.0,18805318000.0,MLCC离型膜+锂电池材料+AI芯片材料
2026-04-16,涨停池,300736.SZ,百邦科技,23.78,19.9798,18.6966,1,13:54:48,13:04:27,16,30045079.0,2974550700.0,手机售后+控制权变更+苹果授权+闪电蜂抖音
2026-04-16,涨停池,603220.SH,中贝通信,31.93,9.9897,20.437,1,13:53:09,13:04:09,15,85915328.0,13865956000.0,算力集群+光纤+CPO
2026-04-16,涨停池,002581.SZ,ST未名,7.54,5.0139,2.0755,1,13:49:39,13:46:21,2,6611072.0,3021965400.0,创新药+眼科III期+ST摘帽预期
2026-04-16,涨停池,600875.SH,东方电气,42.04,9.9948,6.7221,1,13:45:52,13:03:19,3,95581934.0,95151932000.0,燃气轮机+储能+业绩增长+央企
2026-04-16,涨停池,002209.SZ,达意隆,16.5,10.0,7.111,1,13:31:39,13:31:39,,50034584.0,2579163200.0,机器人+包装装备+激励计划
2026-04-16,涨停池,603933.SH,睿能科技,24.95,10.0088,10.5337,1,13:28:00,13:28:00,,122966075.0,5178237100.0,精密传动+拟收购博泰智能+IC分销+机器人
2026-04-16,涨停池,600507.SH,方大特钢,6.05,10.0,4.007,1,13:22:57,11:10:55,1,33365466.0,13994787000.0,弹簧扁钢+特钢+业绩大增
2026-04-16,涨停池,002990.SZ,盛视科技,46.32,9.9976,17.6329,3,13:20:54,09:44:39,16,43582766.0,6290191800.0,算力采购+人形机器人+智慧口岸
2026-04-16,涨停池,002237.SZ,恒邦股份,16.51,9.9933,4.9077,1,13:18:30,13:18:30,,126874397.0,19685798000.0,黄金+稀散金属+江西铜业控股+国企
2026-04-16,涨停池,300027.SZ,华谊兄弟,2.09,20.1149,15.6005,1,13:17:24,09:25:00,5,43784273.0,5193605700.0,被申请重整+AI短剧+影视制作
2026-04-16,涨停池,688227.SH,品高股份,84.47,20.0028,6.8906,1,13:16:51,13:16:15,1,80495602.0,9549779100.0,算力租赁+AI一体机+国产芯片
2026-04-16,涨停池,002033.SZ,丽江股份,10.93,9.9598,19.4893,2,13:09:06,13:09:06,,56079819.0,6005818400.0,一季报预增+冰雪旅游+IP经济
2026-04-16,涨停池,600749.SH,西藏旅游,19.93,9.989,17.2174,1,13:06:55,13:06:55,,73941297.0,4523422800.0,入境游增长+景区运营+智慧平台
2026-04-16,涨停池,002468.SZ,申通快递,18.03,10.0061,8.7538,2,13:05:03,09:33:54,17,39433557.0,26453615000.0,一季报预增+快递涨价+经济型快递
2026-04-16,涨停池,002595.SZ,豪迈科技,89.02,9.9963,0.768,1,13:01:54,13:01:54,,187569150.0,70723543000.0,燃气轮机+拟投资轮胎装备+轮胎模具
2026-04-16,涨停池,301603.SZ,乔锋智能,90.41,20.0027,32.6387,1,13:01:09,10:10:03,3,40623383.0,3411395300.0,人形机器人+PCB+数控机床+预增
2026-04-16,涨停池,000593.SZ,德龙汇能,18.33,10.024,7.6693,1,11:23:06,11:23:06,,89174625.0,6570996500.0,燃气+氢能中心+控制权变更完成
2026-04-16,涨停池,603315.SH,福鞍股份,16.84,9.9935,10.0997,1,11:11:38,10:25:44,1,18219196.0,5394967900.0,燃气轮机+核电铸件+水电转轮
2026-04-16,涨停池,300798.SZ,锦鸡股份,13.42,20.0358,21.4126,1,10:57:12,10:57:12,,90000130.0,5118609000.0,算力租赁+转债强赎+染料龙头
2026-04-16,涨停池,000657.SZ,中钨高新,51.9,10.0042,8.5842,1,10:51:27,10:46:51,2,288351470.0,75406825000.0,钨全产业链+PCB微钻+一季报预增+央企
2026-04-16,涨停池,605166.SH,聚合顺,11.13,9.9802,4.2365,1,10:50:03,10:50:03,,46069096.0,3502975400.0,尼龙6切片+PA66项目+产能扩张
2026-04-16,涨停池,688668.SH,鼎通科技,207.23,20.0012,9.4585,1,10:48:40,10:48:40,,133526785.0,28861048000.0,一季报增长+224G连接器+液冷服务器
2026-04-16,涨停池,002802.SZ,洪汇新材,14.87,9.9852,7.914,1,10:37:42,10:37:42,,249544070.0,2225789300.0,特种氯乙烯共聚物+风电+回购注销+国企
2026-04-16,涨停池,603985.SH,恒润股份,24.54,9.9955,13.0793,1,10:36:02,10:35:20,1,70218756.0,10818655400.0,算力租赁+风电轴承+扭亏为盈+国企
2026-04-16,涨停池,600156.SH,华升股份,8.42,10.0654,5.1249,1,10:32:37,10:32:37,,62053404.0,3385772100.0,算力租赁+拟收购易信科技+湖南国资
2026-04-16,涨停池,002757.SZ,南兴股份,22.79,9.9903,10.3184,1,10:32:03,10:32:03,,76561273.0,6428008900.0,算力租赁+阿里云+AI智能体+家具智造
2026-04-16,涨停池,600666.SH,奥瑞德,6.85,9.9518,22.8627,1,10:20:14,10:20:14,,275153370.0,17140436000.0,年报扭亏+算力租赁+蓝宝石
2026-04-16,涨停池,603826.SH,坤彩科技,34.16,10.0161,2.8399,1,10:18:59,09:48:05,3,29145312.0,22381632000.0,钛白粉涨价+珠光材料+一季报预增
2026-04-16,涨停池,000571.SZ,新大洲A,5.69,10.058,3.2878,1,10:18:06,10:18:06,,108713197.0,4631616200.0,航空发动机+C919+煤炭+海南自贸区
2026-04-16,涨停池,002062.SZ,宏润建设,8.05,9.9727,2.4081,1,10:17:03,10:17:03,,59417533.0,9053842700.0,人形机器人+光伏+基建
2026-04-16,涨停池,603322.SH,超讯通信,36.26,10.0121,12.0961,1,10:15:24,09:50:45,1,134850940.0,5714097200.0,沐曦GPU+算力租赁+扭亏为盈
2026-04-16,涨停池,003041.SZ,真爱美家,57.97,10.0,3.7994,1,10:09:03,10:09:03,,79627592.0,7931652500.0,探迹科技入主+毛毯龙头+要约收购
2026-04-16,涨停池,002213.SZ,大为股份,38.34,10.0143,20.9992,3,10:07:24,09:59:03,2,83174796.0,7919398600.0,锂矿资源+存储芯片+拟定增
2026-04-16,涨停池,002613.SZ,北玻股份,4.17,10.0264,10.6733,1,10:07:12,10:07:12,,85205889.0,3220309800.0,玻璃钢化设备+钙钛矿设备+一带一路
2026-04-16,涨停池,001230.SZ,劲旅环境,27.72,10.0,6.6856,1,10:06:24,10:06:24,,97398101.0,2177579800.0,无人环卫+智慧环卫+新能源装备
2026-04-16,涨停池,605388.SH,均瑶健康,8.06,9.9591,9.9557,2,10:03:06,10:00:42,2,52460324.0,4839901000.0,益生菌+味动力+扭亏预期
2026-04-16,涨停池,000546.SZ,金圆股份,7.08,9.9379,8.8791,1,10:00:15,10:00:15,,64423745.0,4932672900.0,盐湖提锂+锂矿布局+金属镍+固废回收
2026-04-16,涨停池,605287.SH,德才股份,46.98,9.9977,3.7035,1,09:57:03,09:57:03,,106666211.0,6577200000.0,AI漫剧+城市更新+扭亏为盈
2026-04-16,涨停池,002850.SZ,科达利,205.59,10.0,2.6803,1,09:52:06,09:52:06,,222164250.0,40928606000.0,锂电池结构件+人形机器人+年报增长
2026-04-16,涨停池,002297.SZ,博云新材,16.08,9.9863,22.6445,4,09:47:15,09:25:00,4,230969890.0,9215525500.0,一季报业绩预增+商业航天+硬质合金
2026-04-16,涨停池,001203.SZ,大中矿业,46.39,10.0071,1.4792,4,09:46:45,09:46:45,,131500063.0,60584140000.0,锂矿放量+铁矿龙头+金属锂电池新材料
2026-04-16,涨停池,603268.SH,*ST松发,121.22,4.9978,1.8693,2,09:46:37,09:46:37,,71362214.0,28274540000.0,摘帽预期+VLCC订单+船舶制造
2026-04-16,涨停池,605060.SH,联德股份,58.95,10.0019,3.6779,1,09:45:08,09:45:08,,96766425.0,14085537000.0,燃气轮机+液冷+年报增长
2026-04-16,涨停池,603052.SH,可川科技,75.77,10.0029,3.431,1,09:44:52,09:42:16,1,95195837.0,14236977000.0,硅光芯片+光模块+消费电子
2026-04-16,涨停池,002421.SZ,达实智能,2.9,9.8485,6.2218,1,09:44:21,09:44:21,,68398820.0,5819408300.0,液冷服务器+AIoT平台+AI应用
2026-04-16,涨停池,001268.SZ,联合精密,31.34,10.0035,4.4507,1,09:42:18,09:38:39,5,19706592.0,1972330700.0,成飞概念+拟收购迈特航空+精密零部件+业绩增长
2026-04-16,涨停池,600683.SH,京投发展,10.9,9.9899,3.2783,2,09:42:02,09:31:05,1,63045055.0,8074475800.0,拟剥离地产+TOD轨道物业+北京国资
2026-04-16,涨停池,002580.SZ,圣阳股份,27.8,10.0119,14.8205,6,09:41:24,09:37:24,4,220877640.0,12575018600.0,储能电池+液冷储能+固态电池+算力
2026-04-16,涨停池,000967.SZ,盈峰环境,13.07,10.0168,4.8766,3,09:40:30,09:40:30,,221475790.0,41372105000.0,算力+机器人+新能源环卫
2026-04-16,涨停池,000570.SZ,苏常柴A,6.74,9.9511,10.7815,1,09:40:12,09:40:12,,65309764.0,3745367500.0,一季度预增+农机柴油机+常州国资
2026-04-16,涨停池,600961.SH,株冶集团,20.08,10.0274,3.5499,1,09:39:38,09:36:59,2,28511190.0,15096393000.0,小金属+黄金+央企控股
2026-04-16,涨停池,002940.SZ,昂利康,35.6,10.0124,10.4779,1,09:39:06,09:39:06,,305554230.0,6595806600.0,创新药+克立硼罗+原料药
2026-04-16,涨停池,603897.SH,长城科技,50.6,10.0,5.478,4,09:38:57,09:35:21,8,56533761.0,10445645500.0,机器人+电磁线+新能源汽车
2026-04-16,涨停池,000782.SZ,恒申新材,5.81,10.0379,3.8882,1,09:38:03,09:38:03,,86047256.0,3068491200.0,锦纶6+军工锦纶+29亿项目
2026-04-16,涨停池,002263.SZ,大东南,5.17,10.0,14.8037,1,09:35:51,09:31:06,2,72832995.0,9711044200.0,电容膜+国企改革
2026-04-16,涨停池,000815.SZ,美利云,22.21,10.005,11.1426,1,09:35:06,09:35:06,,302714350.0,15441792000.0,算电协同+东数西算+扭亏为盈+央企
2026-04-16,涨停池,600768.SH,宁波富邦,17.52,9.9812,8.1926,1,09:35:02,09:35:02,,111036329.0,2343250900.0,一季报预增+受益于银价上涨+电接触
2026-04-16,涨停池,002771.SZ,真视通,18.37,10.0,12.5912,1,09:33:33,09:32:15,2,67885417.0,3205834200.0,液冷算力+算力租赁+AI视讯
2026-04-16,涨停池,300905.SZ,宝丽迪,46.32,20.0,6.9337,1,09:32:57,09:32:57,,106994753.0,6468413400.0,COFs验证+固态电池材料+纤维母粒+年报预增
2026-04-16,涨停池,603906.SH,龙蟠科技,25.05,10.0132,4.1701,1,09:30:47,09:30:47,,199871620.0,14155227000.0,业绩预增+磷酸铁锂+储能
2026-04-16,涨停池,000609.SZ,ST中迪,9.77,5.0538,1.203,4,09:30:06,09:30:06,,19243969.0,2843639300.0,ST板块+半导体创投+房地产回款
2026-04-16,涨停池,603920.SH,世运电路,58.86,9.9981,1.8721,1,09:25:03,09:25:03,,496064960.0,42414064000.0,T客户+PCB+储能+泰国基地
2026-04-16,涨停池,605081.SH,*ST太和,7.23,4.9347,0.8894,2,09:25:01,09:25:01,,7969629.0,818776330.0,退市博弈+算力设备+水环境修复
2026-04-16,涨停池,002726.SZ,龙大美食,3.62,10.0304,4.0711,1,09:25:00,09:25:00,,39182181.0,3903596900.0,猪肉+预制菜+直播带货
2026-04-16,涨停池,000004.SZ,*ST国华,3.64,4.8991,0.5765,3,09:25:00,09:25:00,,14444976.0,459687480.0,退市博弈+算力+移动安全
2026-04-16,炸板池,301382.SZ,蜂助手,40.49,15.6857,30.1137,1,09:45:54,09:45:45,1,0.0,7137922900.0,未知
2026-04-16,炸板池,300290.SZ,荣科科技,16.39,15.0175,14.8182,1,13:31:27,13:30:12,2,0.0,10482100700.0,未知
2026-04-16,炸板池,300088.SZ,长信科技,7.77,14.0969,30.346,1,12:59:09,11:13:06,1,0.0,19312363000.0,未知
2026-04-16,炸板池,300938.SZ,信测标准,51.19,12.382,14.7387,1,13:48:42,13:48:15,2,0.0,10818806200.0,未知
2026-04-16,炸板池,603629.SH,利通电子,95.85,8.9824,21.6347,1,14:08:42,11:02:51,4,0.0,24619264000.0,未知
2026-04-16,炸板池,603399.SH,永杉锂业,12.97,7.6349,17.4343,1,10:17:27,10:05:45,1,0.0,6644409700.0,未知
2026-04-16,炸板池,002240.SZ,盛新锂能,49.8,7.6291,9.4978,1,10:21:39,10:00:15,2,0.0,45462854000.0,未知
2026-04-16,炸板池,002624.SZ,完美世界,20.78,7.6126,6.653,1,13:21:12,13:20:54,1,0.0,37980293000.0,未知
2026-04-16,炸板池,600986.SH,浙文互联,10.98,7.4364,19.3899,1,10:37:38,10:34:32,1,0.0,16331367000.0,未知
2026-04-16,炸板池,603061.SH,金海通,245.98,7.0176,6.0644,1,14:51:49,14:42:34,7,0.0,21400260000.0,未知
2026-04-16,炸板池,002842.SZ,翔鹭钨业,33.85,6.8497,26.2844,1,13:19:21,13:18:51,1,0.0,9087450900.0,未知
2026-04-16,炸板池,002132.SZ,恒星科技,4.42,6.506,16.3179,1,10:40:48,09:54:18,2,0.0,6185711100.0,未知
2026-04-16,炸板池,002663.SZ,普邦股份,2.3,6.4815,10.6961,1,09:35:09,09:33:48,1,0.0,2973651900.0,未知
2026-04-16,炸板池,603335.SH,迪生力,6.26,6.2818,9.1187,1,14:08:31,14:06:22,1,0.0,2680185200.0,未知
2026-04-16,炸板池,603206.SH,嘉环科技,17.54,6.2386,6.2172,1,09:34:44,09:34:29,1,0.0,5353207800.0,未知
2026-04-16,炸板池,000889.SZ,中嘉博创,5.0,5.4852,38.8892,1,14:37:57,14:33:00,2,0.0,4349248400.0,未知
2026-04-16,炸板池,000534.SZ,万泽股份,43.9,5.2001,6.7213,1,14:11:45,11:14:06,1,0.0,21948701000.0,未知
2026-04-16,炸板池,002805.SZ,丰元股份,18.51,5.1107,18.3225,1,09:44:00,09:38:36,1,0.0,5155823500.0,未知
2026-04-16,炸板池,002361.SZ,神剑股份,19.26,3.8835,58.3289,1,13:37:12,13:37:00,1,0.0,15583709000.0,未知
2026-04-16,炸板池,002762.SZ,*ST金比,7.77,3.6,6.8723,1,13:27:39,09:39:03,3,0.0,1642410400.0,未知
2026-04-16,炸板池,002305.SZ,*ST南置,2.36,3.5088,3.1495,1,13:36:42,10:53:27,2,0.0,4092483700.0,未知
2026-04-16,炸板池,003038.SZ,鑫铂股份,16.17,3.0593,18.7982,1,10:55:54,10:54:36,1,0.0,2639373900.0,未知
2026-04-16,炸板池,002589.SZ,瑞康医药,3.64,1.3928,28.4619,1,09:39:03,09:31:24,1,0.0,4970753200.0,未知
2026-04-16,炸板池,600664.SH,哈药股份,4.4,-0.9009,24.2141,1,09:35:51,09:30:42,1,0.0,11081443500.0,未知
2026-04-16,跌停池,002294.SZ,信立泰,60.54,-10.0045,2.1119,1,,,,0.0,67475810000.0,未知
2026-04-16,跌停池,600082.SH,ST海泰,3.0,-5.0633,17.1315,1,,,,0.0,1903006200.0,未知
2026-04-16,跌停池,000669.SZ,ST金鸿,4.4,-4.9676,4.494,1,,,,0.0,2993798700.0,未知
2026-04-16,跌停池,600599.SH,*ST熊猫,4.11,-5.0808,3.5217,1,,,,0.0,682260000.0,未知
2026-04-16,跌停池,603843.SH,*ST正平,7.64,-4.9751,5.7252,1,,,,0.0,5345121500.0,未知
2026-04-16,跌停池,603021.SH,ST华鹏,8.14,-5.0175,4.8734,1,,,,0.0,2604377300.0,未知
2026-04-16,跌停池,002808.SZ,*ST恒久,4.52,-5.042,5.0672,1,,,,0.0,745826790.0,未知
2026-04-16,跌停池,600636.SH,*ST国化,6.41,-5.037,8.9595,1,,,,0.0,2811661900.0,未知
2026-04-16,跌停池,600696.SH,*ST岩石,1.03,-4.6296,0.881,1,,,,0.0,344503510.0,未知
2026-04-17,涨停池,603315.SH,福鞍股份,18.52,9.9762,20.9574,2,14:53:42,09:48:12,17,14804888.0,5933183200.0,燃气轮机+核电铸件+水电转轮
2026-04-17,涨停池,600156.SH,华升股份,9.26,9.9762,10.1957,2,14:48:22,09:30:40,2,33216787.0,3723545100.0,算力租赁+拟收购易信科技+湖南国资
2026-04-17,涨停池,002706.SZ,良信股份,11.21,10.0098,9.7143,1,14:47:48,13:46:18,1,99166687.0,10250213100.0,数据中心+低压电器+智算中心
2026-04-17,涨停池,002630.SZ,ST华西,2.24,5.1643,7.2415,4,14:42:06,14:42:06,,15066240.0,2307811300.0,ST摘帽预期+储能+高效环保锅炉
2026-04-17,涨停池,002796.SZ,世嘉科技,53.35,10.0,13.8729,1,14:39:15,13:22:39,3,27154350.0,12148232600.0,CPO光模块+精密箱体+移动通信
2026-04-17,涨停池,002866.SZ,传艺科技,26.39,10.0042,24.3462,1,14:34:48,14:34:48,,106416356.0,4782198000.0,钠离子电池+PCB概念+年报扭亏为盈
2026-04-17,涨停池,600552.SH,凯盛科技,15.02,10.0366,10.6009,1,14:34:19,13:06:37,2,52972536.0,14187996000.0,UTG量产+TGV玻璃技术+球形硅微粉+商业航天
2026-04-17,涨停池,600703.SH,三安光电,13.34,9.9753,8.5974,1,14:23:13,13:00:10,19,73766945.0,66553510000.0,光芯片+碳化硅+商业航天
2026-04-17,涨停池,002940.SZ,昂利康,39.16,10.0,21.4186,2,14:15:24,10:17:09,2,63924784.0,7255387300.0,创新药+克立硼罗+原料药
2026-04-17,涨停池,002547.SZ,春兴精工,3.44,9.9042,10.2284,1,14:15:24,14:15:24,,30771488.0,3800536700.0,机器人+特斯拉概念+通信结构件+新能源汽车
2026-04-17,涨停池,001400.SZ,江顺科技,193.6,10.0,18.1434,1,13:58:36,13:58:36,,57129811.0,2904000000.0,液冷服务器+商业航天+3D打印+铝挤压模具
2026-04-17,涨停池,300806.SZ,斯迪克,65.27,20.0037,11.2215,1,13:58:18,13:54:21,1,77345472.0,20653846000.0,折叠屏材料+PCB+储能+泰国设厂
2026-04-17,涨停池,603738.SH,泰晶科技,30.17,9.9891,16.2834,1,13:52:09,13:52:09,,63969451.0,11642225600.0,625MHz晶振+光模块+石英晶体+人形机器人
2026-04-17,涨停池,001330.SZ,博纳影业,8.23,10.0267,13.6639,1,13:48:09,13:48:09,,132532455.0,11312291200.0,影视院线+AI短剧+三星堆IP
2026-04-17,涨停池,603557.SH,ST起步,4.28,4.902,2.0382,1,13:47:52,13:47:52,,5964732.1,2668309900.0,ST板块+三胎概念+童装童鞋
2026-04-17,涨停池,603063.SH,禾望电气,40.63,9.9892,14.5966,3,13:45:45,13:04:42,19,50247852.0,18641084000.0,风电设备+氢能+股权激励
2026-04-17,涨停池,603926.SH,铁流股份,20.02,10.0,3.6699,1,13:35:56,13:35:56,,49635306.0,4621389000.0,机器人+固态电池+离合器龙头
2026-04-17,涨停池,301319.SZ,唯特偶,68.39,20.0035,15.2641,1,13:29:18,13:10:39,6,60479055.0,6397163900.0,先进封装+锡膏龙头+国产替代
2026-04-17,涨停池,688560.SH,明冠新材,17.78,19.973,14.7539,1,13:29:14,13:13:50,8,8904366.2,3579148100.0,铝塑膜（可用于固态、钠离子电池）+BC电池+越南产能
2026-04-17,涨停池,003031.SZ,中瓷电子,112.48,10.0049,4.2705,1,13:19:03,13:19:03,,132501440.0,38260825000.0,光模块+SiC芯片+电子陶瓷+央企
2026-04-17,涨停池,688628.SH,优利德,77.8,20.0062,6.162,1,13:17:26,10:39:23,2,28702832.0,8695518300.0,光通信测试+拟收购+测试仪器
2026-04-17,涨停池,000711.SZ,ST京蓝,4.1,5.1282,5.3079,4,13:12:15,10:08:42,10,18748070.0,9764886800.0,铟靶材+固危废资源化+ST炒作
2026-04-17,涨停池,601619.SH,嘉泽新能,6.19,9.9467,7.4602,1,13:11:17,13:09:05,1,21180323.0,15070708000.0,风电运营+绿氢醇项目+不赎回转债
2026-04-17,涨停池,600152.SH,维科技术,13.9,9.9684,21.9699,5,13:06:33,13:06:33,,84702652.0,7354203300.0,钠电储能龙头+锂电产业链+电池项目投资
2026-04-17,涨停池,002975.SZ,博杰股份,99.97,10.0022,12.9355,1,13:03:54,13:03:54,,69356887.0,10582722200.0,液冷服务器+AI服务器测试+机器人+年报增长
2026-04-17,涨停池,600707.SH,彩虹股份,7.79,10.0282,3.305,1,13:00:37,09:41:10,1,55892432.0,27947947000.0,玻璃基板+ITC胜诉+国企改革
2026-04-17,涨停池,301237.SZ,和顺科技,71.17,19.9966,7.6928,1,13:00:27,11:05:45,1,29015013.0,4145652500.0,聚酯薄膜+碳纤维+消费电子
2026-04-17,涨停池,002990.SZ,盛视科技,50.95,9.9957,13.2658,4,11:27:30,09:37:12,11,81127685.0,6918939300.0,算力采购+人形机器人+智慧口岸
2026-04-17,涨停池,002580.SZ,圣阳股份,30.58,10.0,18.1805,7,11:24:06,09:33:30,30,240388770.0,13832521000.0,液冷储能+储能电池+固态电池+算力
2026-04-17,涨停池,000936.SZ,华西股份,8.34,10.0264,8.2528,1,11:18:12,11:18:12,,52464438.0,7388300400.0,创投+索尔思光电交割+涤纶化纤
2026-04-17,涨停池,603203.SH,快克智能,48.25,10.0091,3.2498,1,11:17:01,11:17:01,,51178775.0,12021647600.0,先进封装+PCB+CPO
2026-04-17,涨停池,001389.SZ,广合科技,149.22,10.0037,6.9721,1,11:13:36,11:13:36,,171683880.0,22673298000.0,算力服务器PCB+CPO+业绩增长
2026-04-17,涨停池,688807.SH,优迅股份,363.19,19.9993,20.5025,1,10:59:12,10:59:12,,59909280.0,5460799900.0,光模块芯片+电芯片+年报增长+次新股
2026-04-17,涨停池,002281.SZ,光迅科技,116.83,9.9991,8.0004,1,10:58:00,10:58:00,,400051740.0,91066340000.0,CPO+央企重组+3.2T硅光模块
2026-04-17,涨停池,603629.SH,利通电子,105.44,10.0052,14.4987,4,10:57:52,10:40:34,1,133320445.0,27082475000.0,算力租赁+液冷+英伟达合作+年报预增
2026-04-17,涨停池,600641.SH,先导基电,24.29,10.0091,6.0693,1,10:47:20,10:47:20,,108239131.0,22605001000.0,半导体设备+离子注入机+员工持股完成
2026-04-17,涨停池,600962.SH,国投中鲁,20.71,9.9841,3.0295,1,10:41:13,10:41:13,,163178230.0,5430369100.0,重组推进+芯片+果汁龙头+央企
2026-04-17,涨停池,002108.SZ,沧州明珠,5.58,10.0592,14.5961,1,10:37:54,09:34:03,1,60116894.0,9193040000.0,锂电池隔膜+半固态电池+广州国资入主
2026-04-17,涨停池,603052.SH,可川科技,83.35,10.004,5.9883,2,10:33:46,10:33:46,,75398660.0,15661238000.0,硅光芯片+光模块+消费电子
2026-04-17,涨停池,603031.SH,安孚科技,57.46,9.9923,7.3473,1,10:33:05,10:33:05,,57567105.0,12458531400.0,CPO+光芯片+南孚电池+增持计划
2026-04-17,涨停池,002980.SZ,华盛昌,73.12,10.0045,19.0797,5,10:27:48,10:27:48,,40545040.0,7413632700.0,光通信测试+拟收购伽蓝特+AI眼镜+仪器仪表
2026-04-17,涨停池,603922.SH,金鸿顺,21.51,10.0256,4.7174,1,10:25:50,10:25:50,,55525054.0,3854592000.0,新能源电池托盘+汽车零部件+控制权变更风险
2026-04-17,涨停池,600520.SH,三佳科技,27.81,10.0079,7.7201,1,10:25:39,10:25:39,,56441786.0,4405938300.0,先进封装+半导体设备+合肥国资
2026-04-17,涨停池,003018.SZ,金富科技,39.22,10.014,6.5573,1,10:25:24,10:25:24,,22212875.0,9310337800.0,液冷收购+瓶盖龙头+饮料供应链
2026-04-17,涨停池,002418.SZ,康盛股份,6.19,9.9467,21.0451,1,10:23:57,10:23:57,,138999190.0,7034299500.0,液冷算力+家电制冷+扭亏预增
2026-04-17,涨停池,002528.SZ,ST英飞拓,5.38,5.0781,3.727,13,10:22:24,10:22:24,,24725678.0,5650181300.0,庭外重组+深圳国资+智慧城市+AI安防
2026-04-17,涨停池,605298.SH,必得科技,54.75,10.006,1.887,1,10:18:22,10:18:22,,54397191.0,10197242300.0,轨交配套+业绩高增
2026-04-17,涨停池,002217.SZ,合力泰,2.68,9.8361,6.9229,1,10:17:54,09:53:18,3,52854022.0,19508584000.0,算力租赁+电子纸+福建国资
2026-04-17,涨停池,002428.SZ,云南锗业,62.0,10.0071,15.3941,1,10:14:36,09:42:42,5,139931210.0,40488209000.0,磷化铟扩产+光纤级锗+商业航天
2026-04-17,涨停池,600208.SH,衢州发展,3.58,10.1538,1.8732,1,10:10:05,10:06:38,1,53346224.0,30458555000.0,拟并购先导电科+半导体靶材+回购+衢州国资
2026-04-17,涨停池,002628.SZ,成都路桥,5.57,10.0791,6.1675,1,10:08:21,10:08:21,,90569030.0,4198581300.0,机器人+萤石矿+路桥基建
2026-04-17,涨停池,603773.SH,沃格光电,52.9,10.0021,9.7369,7,10:07:23,09:42:43,3,86609573.0,11884441700.0,玻璃基板+CPO+商业航天
2026-04-17,涨停池,300776.SZ,帝尔激光,99.36,20.0,11.6483,1,10:06:18,09:46:27,10,121055256.0,16700898000.0,TGV封装+PCB+BC电池+H股上市
2026-04-17,涨停池,603278.SH,大业股份,12.01,9.9817,8.0106,1,10:06:06,10:06:06,,106096340.0,4104530300.0,人形机器人+腱绳+商业航天+胎圈钢丝
2026-04-17,涨停池,600696.SH,*ST岩石,1.08,4.8544,3.671,1,10:04:48,09:59:57,1,1416961.1,361226990.0,退市博弈+酱香型白酒+ST板块
2026-04-17,涨停池,600727.SH,鲁北化工,7.69,10.0143,9.0154,1,10:02:34,09:33:34,2,67045265.0,4064804300.0,一季报预增+钛白粉+氯化法扩产+国企
2026-04-17,涨停池,603178.SH,圣龙股份,17.42,9.9747,3.923,1,10:02:21,10:02:21,,94566595.0,4118295000.0,低空经济+机器人关节+新能源电驱
2026-04-17,涨停池,002259.SZ,升达林业,5.63,9.9609,6.08,1,09:59:09,09:59:09,,84174625.0,4235608100.0,天然气+LNG重卡+2025年报增长
2026-04-17,涨停池,002957.SZ,科瑞技术,45.97,10.0024,5.6326,1,09:49:36,09:49:36,,118892211.0,19246667000.0,光模块+半导体设备+精密零部件制造+业绩预增
2026-04-17,涨停池,603118.SH,共进股份,15.18,10.0,9.0472,1,09:43:35,09:35:53,2,99005448.0,11950855800.0,800G交换机+机器人代工+唐山国资
2026-04-17,涨停池,600234.SH,科新发展,19.92,9.9945,2.6361,1,09:41:51,09:36:06,2,71686004.0,5229417800.0,建筑工程+抖音概念+数字营销+定增
2026-04-17,涨停池,002802.SZ,洪汇新材,16.36,10.0202,12.6769,2,09:41:12,09:41:12,,225110330.0,2448817300.0,特种氯乙烯共聚物+风电+回购注销+国企
2026-04-17,涨停池,603083.SH,剑桥科技,145.29,10.0015,8.5473,1,09:40:25,09:40:25,,596678130.0,40040235000.0,1.6T光模块+800G放量+CPO布局+Meta审厂传闻
2026-04-17,涨停池,002297.SZ,博云新材,17.69,10.0124,20.1871,5,09:37:21,09:36:51,1,117809916.0,10138224200.0,一季报业绩预增+商业航天+硬质合金
2026-04-17,涨停池,600683.SH,京投发展,11.99,10.0,3.6846,3,09:36:47,09:32:26,2,52767570.0,8881923400.0,拟剥离地产+TOD轨道物业+北京国资
2026-04-17,涨停池,300905.SZ,宝丽迪,55.58,19.9914,11.571,2,09:35:42,09:35:42,,73571135.0,7761537500.0,COFs验证+固态电池材料+纤维母粒+年报预增
2026-04-17,涨停池,002081.SZ,金螳螂,3.71,10.089,2.7716,1,09:35:30,09:31:21,1,61675040.0,9811484100.0,洁净室+城市更新+建筑装饰
2026-04-17,涨停池,002203.SZ,海亮股份,17.39,9.9937,2.3898,1,09:34:33,09:30:12,4,149322120.0,38469137000.0,沙特建厂+铜加工龙头+固态电池铜箔
2026-04-17,涨停池,000037.SZ,深南电A,11.07,10.0398,6.7173,1,09:34:03,09:34:03,,115688253.0,3751713200.0,电力+储能盈利+年报高增+综合能源
2026-04-17,涨停池,688227.SH,品高股份,101.36,19.9953,4.3526,2,09:33:16,09:30:13,1,266883210.0,11459282700.0,算力租赁+AI一体机+国产芯片
2026-04-17,涨停池,605388.SH,均瑶健康,8.87,10.0496,7.758,3,09:32:09,09:31:12,1,56220721.0,5326293100.0,益生菌+味动力+扭亏预期
2026-04-17,涨停池,002487.SZ,大金重工,85.47,10.0,2.0791,1,09:31:15,09:31:15,,219789690.0,53924755000.0,欧洲风电出口+深远海基地+全产业链出海+年报增长
2026-04-17,涨停池,600330.SH,天通股份,21.73,10.0253,3.0612,1,09:25:02,09:25:02,,371164910.0,26802530000.0,铌酸锂晶体+光模块+商业航天
2026-04-17,涨停池,600961.SH,株冶集团,22.09,10.01,0.6205,2,09:25:00,09:25:00,,579840830.0,16607536000.0,一季报增长+锌铅冶炼+黄金+央企控股
2026-04-17,炸板池,301090.SZ,华润材料,9.01,16.2581,5.0451,1,10:16:54,10:05:45,5,0.0,13253041400.0,未知
2026-04-17,炸板池,300083.SZ,创世纪,8.73,14.267,14.326,1,13:29:36,13:23:27,1,0.0,13029832400.0,未知
2026-04-17,炸板池,688530.SH,欧莱新材,35.75,13.0256,31.8006,1,10:02:07,09:43:19,2,0.0,2423070800.0,未知
2026-04-17,炸板池,603698.SH,航天工程,46.19,8.4782,12.3541,1,14:03:49,13:17:07,8,0.0,24757378000.0,未知
2026-04-17,炸板池,000657.SZ,中钨高新,56.12,8.131,13.3921,1,13:54:39,13:20:24,3,0.0,81538170000.0,未知
2026-04-17,炸板池,601208.SH,东材科技,36.73,7.9976,9.4779,1,13:08:07,11:18:04,1,0.0,37104019000.0,未知
2026-04-17,炸板池,002860.SZ,星帅尔,14.0,7.8582,13.6322,1,13:06:15,13:04:48,1,0.0,4921561700.0,未知
2026-04-17,炸板池,603375.SH,盛景微,42.79,7.702,13.737,1,14:01:19,14:00:55,1,0.0,2729186000.0,未知
2026-04-17,炸板池,600173.SH,卧龙新能,7.99,7.6819,10.1848,1,13:56:01,13:20:25,1,0.0,5596325800.0,未知
2026-04-17,炸板池,600776.SH,东方通信,16.74,7.1703,9.0658,1,10:45:19,10:06:40,1,0.0,16003441000.0,未知
2026-04-17,炸板池,600773.SH,西藏城投,22.47,6.392,6.4132,1,11:10:51,11:07:33,2,0.0,21382157000.0,未知
2026-04-17,炸板池,600103.SH,青山纸业,4.3,5.9113,23.0983,1,10:36:21,10:28:03,1,0.0,9513014900.0,未知
2026-04-17,炸板池,002192.SZ,融捷股份,84.55,5.6611,15.7931,1,09:40:18,09:34:39,1,0.0,21908400000.0,未知
2026-04-17,炸板池,000751.SZ,锌业股份,5.77,5.292,12.4066,1,09:36:45,09:35:03,1,0.0,8134942900.0,未知
2026-04-17,炸板池,600360.SH,*ST华微,10.01,5.0367,3.6338,1,14:23:08,14:15:44,2,0.0,9612556000.0,未知
2026-04-17,炸板池,605081.SH,*ST太和,7.57,4.7026,6.0406,1,14:56:58,10:03:10,25,0.0,857280340.0,未知
2026-04-17,炸板池,000628.SZ,高新发展,61.19,4.6699,13.3907,1,10:06:06,10:02:36,1,0.0,11763079000.0,未知
2026-04-17,炸板池,000062.SZ,深圳华强,29.76,3.9832,8.1595,1,09:31:24,09:31:21,1,0.0,31096226000.0,未知
2026-04-17,炸板池,601778.SH,晶科科技,6.91,3.7538,30.5401,1,09:43:26,09:38:17,1,0.0,24686595000.0,未知
2026-04-17,炸板池,002687.SZ,乔治白,5.08,3.6735,13.4105,1,09:30:36,09:30:33,1,0.0,2101172100.0,未知
2026-04-17,炸板池,000004.SZ,*ST国华,3.76,3.2967,16.1787,1,09:30:27,09:25:00,1,0.0,474842010.0,未知
2026-04-17,炸板池,002285.SZ,世联行,3.19,2.5723,8.2185,1,10:58:15,10:56:15,1,0.0,6301010700.0,未知
2026-04-17,炸板池,603580.SH,*ST艾艾,19.38,2.2691,2.2413,1,13:42:31,10:09:40,1,0.0,2532446600.0,未知
2026-04-17,炸板池,002771.SZ,真视通,18.52,0.8165,44.1472,1,09:32:12,09:25:00,1,0.0,3232011400.0,未知
2026-04-17,跌停池,002713.SZ,*ST东易,14.37,-5.0231,6.3699,1,,,,0.0,7565816900.0,未知
2026-04-17,跌停池,600193.SH,*ST创兴,2.95,-4.8387,3.9176,1,,,,0.0,1254850350.0,未知
2026-04-17,跌停池,300076.SZ,GQY视讯,4.76,-20.0,10.431,1,,,,0.0,2018240000.0,未知
2026-04-17,跌停池,600636.SH,*ST国化,6.09,-4.9922,4.9771,1,,,,0.0,2671298100.0,未知
2026-04-17,跌停池,600421.SH,*ST华嵘,5.43,-5.0699,2.0621,1,,,,0.0,1062108000.0,未知
2026-04-17,跌停池,603189.SH,网达软件,15.25,-9.9764,1.1116,1,,,,0.0,4110612300.0,未知
2026-04-17,跌停池,600734.SH,实达集团,3.41,-10.0264,1.2268,1,,,,0.0,7426479100.0,未知
2026-04-20,涨停池,603178.SH,圣龙股份,19.16,9.9885,13.5144,2,14:56:39,09:31:48,18,160944.0,4529651600.0,低空经济+机器人关节+新能源电驱
2026-04-20,涨停池,600234.SH,科新发展,21.91,9.99,6.1999,2,14:49:28,09:37:22,9,6047160.0,5751834500.0,建筑工程+抖音概念+数字营销+定增
2026-04-20,涨停池,603052.SH,可川科技,91.69,10.006,10.3165,3,14:49:20,10:32:41,77,4532053.3,17228302000.0,硅光芯片+光模块+消费电子
2026-04-20,涨停池,603261.SH,*ST立航,36.71,5.0057,1.2724,1,14:44:48,14:06:39,1,2646791.0,2845209400.0,退市博弈+C919配套+航空装备
2026-04-20,涨停池,002242.SZ,九阳股份,11.25,9.9707,4.4393,1,14:42:42,14:42:42,,113599193.0,8568964400.0,小家电+机器人+太空科技
2026-04-20,涨停池,002428.SZ,云南锗业,68.2,10.0,17.7298,2,14:36:42,09:44:30,77,21948192.0,44537030000.0,磷化铟扩产+光纤级锗+商业航天
2026-04-20,涨停池,603489.SH,八方股份,38.35,10.0115,3.4806,1,14:34:22,11:14:04,1,14603680.0,8997599500.0,电踏车电机+欧洲去库+年报预增
2026-04-20,涨停池,603813.SH,*ST原尚,28.77,5.0,1.5332,1,14:18:36,09:32:33,5,1455762.0,3021281600.0,退市风险博弈+氢能物流+电商物流
2026-04-20,涨停池,600072.SH,中船科技,13.2,10.0,5.2442,1,14:13:57,14:01:51,4,47604058.0,14300053000.0,中船系+风电+氢氨醇
2026-04-20,涨停池,001896.SZ,豫能控股,18.79,10.0117,15.5785,4,14:06:39,10:24:18,4,102965273.0,28669431000.0,参股算力+火电+绿电储备+河南国资
2026-04-20,涨停池,002512.SZ,ST达华,4.21,4.9875,7.2213,1,14:04:36,11:23:54,1,9720469.0,4607642000.0,商业航天+卫星通信+显示主板
2026-04-20,涨停池,003018.SZ,金富科技,43.14,9.9949,7.525,2,13:59:30,10:17:48,5,49567860.0,10240896800.0,液冷收购+瓶盖龙头+饮料供应链
2026-04-20,涨停池,600103.SH,青山纸业,4.73,10.0,24.1931,1,13:55:44,13:43:11,2,45286571.0,10464316400.0,光模块+林浆纸+福建国资
2026-04-20,涨停池,600206.SH,有研新材,25.62,10.0043,12.6786,1,13:50:36,13:03:33,1,71791416.0,21688696000.0,半导体靶材+稀土永磁+央企+业绩预增
2026-04-20,涨停池,600872.SH,中炬高新,21.47,9.9898,9.4248,1,13:48:20,09:47:59,9,18362862.0,16553111000.0,一季报增长+味滋美并购+大股东增持
2026-04-20,涨停池,600381.SH,*ST春天,2.95,4.9822,1.6204,1,13:47:01,13:30:34,2,4634600.5,1731829200.0,退市博弈+高端白酒+虫草龙头
2026-04-20,涨停池,301265.SZ,华新科技,28.2,20.0,14.7618,1,13:45:42,13:45:42,,85187491.0,4788279700.0,存储芯片+贵金属回收+一季报预增
2026-04-20,涨停池,000949.SZ,新乡化纤,8.04,9.9863,7.7214,1,13:43:33,13:22:21,1,12604951.2,13317817200.0,氨纶扩产+生物质长丝龙头+国企
2026-04-20,涨停池,002361.SZ,神剑股份,20.63,10.0267,40.1838,4,13:31:54,13:31:30,1,171015830.0,16692207000.0,商业航天+无人机+聚酯树脂+地方国资
2026-04-20,涨停池,002885.SZ,京泉华,29.3,9.985,15.0548,1,13:27:24,10:45:54,3,74464368.0,6765594200.0,电源类产品+磁性元器件+数据中心+业绩预增
2026-04-20,涨停池,002935.SZ,天奥电子,20.81,9.9894,4.6141,1,13:24:21,13:24:21,,22593417.0,8638041300.0,商业航天+原子钟+军工存储+央企
2026-04-20,涨停池,001400.SZ,江顺科技,212.96,10.0,19.4513,2,13:24:15,13:24:15,,53888037.0,3194400000.0,液冷服务器+商业航天+3D打印+铝挤压模具
2026-04-20,涨停池,603108.SH,润达医疗,14.1,9.9844,7.0735,1,13:19:28,13:11:28,1,32951700.0,8512217100.0,AI医疗+华为合作+杭州国资
2026-04-20,涨停池,600243.SH,*ST海华,3.89,5.1351,2.1745,1,13:16:56,13:16:56,,2742839.0,1707126500.0,退市博弈+减速器+电梯配件
2026-04-20,涨停池,601698.SH,中国卫通,37.38,10.0059,2.9965,1,13:16:13,13:08:07,2,207780470.0,157907530000.0,卫星互联网+商业航天+央企
2026-04-20,涨停池,001366.SZ,播恩集团,15.63,9.993,6.1321,1,13:12:45,13:02:39,1,19298361.0,2511428400.0,猪饲料+合成生物+业绩预增
2026-04-20,涨停池,600522.SH,中天科技,30.95,9.9858,6.5862,1,13:09:45,09:46:54,3,242722060.0,105630792000.0,光纤+光模块+海缆+储能扩产
2026-04-20,涨停池,603318.SH,水发燃气,8.47,10.0,11.9304,1,13:08:52,13:08:52,,114373197.0,3888330700.0,燃气设备+氢能应用+山东国资
2026-04-20,涨停池,002492.SZ,恒基达鑫,8.16,9.973,4.882,1,13:03:33,13:03:33,,76047120.0,3246331400.0,石化仓储+创投+横琴新区
2026-04-20,涨停池,603268.SH,松发股份,133.34,9.9984,5.6764,1,13:02:21,09:34:39,31,52615964.0,31101527000.0,摘帽复牌+船舶制造+VLCC订单
2026-04-20,涨停池,600118.SH,中国卫星,94.52,9.9965,6.5268,1,11:14:24,10:59:09,2,522416960.0,111768873000.0,卫星制造+商业航天+年报增长+央企
2026-04-20,涨停池,603332.SH,苏州龙杰,14.52,10.0,7.9027,1,11:13:04,11:13:04,,50290020.0,3141361100.0,年报增长+高分红+仿皮草纤维+涤纶长丝
2026-04-20,涨停池,002324.SZ,普利特,17.31,9.9746,8.6356,1,11:13:00,11:13:00,,125031169.0,13437337000.0,机器人+商业航天+脑机接口
2026-04-20,涨停池,002081.SZ,金螳螂,4.08,9.973,7.3131,2,11:06:09,11:06:09,,118781452.0,10789987900.0,半导体洁净室+建筑装饰+城市更新
2026-04-20,涨停池,688811.SH,有研复材,23.82,20.0,52.8022,1,10:59:36,09:51:30,2,51676823.0,2194443600.0,商业航天+铝基复材+央企
2026-04-20,涨停池,000586.SZ,汇源通信,21.34,10.0,22.5561,1,10:50:36,10:50:36,,105349178.0,4128009600.0,光纤+特种光缆+车载电子+定增推进
2026-04-20,涨停池,002331.SZ,皖通科技,8.98,10.049,8.6618,1,10:49:51,09:41:51,2,19228605.0,3554690700.0,智慧高速+智慧交通+AI运维+华为合作
2026-04-20,涨停池,002620.SZ,ST瑞和,9.35,5.0562,4.7526,1,10:47:51,10:47:51,,20006195.0,2948618800.0,重整投资人+光伏建筑一体化+建筑装饰
2026-04-20,涨停池,603595.SH,ST东尼,17.56,5.0239,3.5405,1,10:47:44,09:41:47,15,13840090.0,4081687200.0,新能源汽车+消费电子+碳化硅
2026-04-20,涨停池,002149.SZ,西部材料,60.28,10.0,16.9216,1,10:43:15,09:56:54,3,195189410.0,29425035000.0,商业航天+可控核聚变+稀有金属+国企
2026-04-20,涨停池,600433.SH,冠豪高新,4.04,10.0817,5.2,1,10:39:25,10:39:25,,66904703.0,7071128100.0,造纸行业+氢能碳纸+烟用白卡纸+收储补偿
2026-04-20,涨停池,600696.SH,*ST岩石,1.13,4.6296,3.412,2,10:36:35,10:25:08,4,930634.1,377950460.0,退市博弈+酱香型白酒+ST板块
2026-04-20,涨停池,000880.SZ,潍柴重机,31.14,9.9965,18.9439,1,10:35:48,10:17:18,1,85765726.0,7069614600.0,数据中心+船机替代燃料+山东国资
2026-04-20,涨停池,002289.SZ,*ST宇顺,27.91,5.0038,1.2199,1,10:29:57,09:34:03,6,9316358.0,7813508700.0,IDC并购+算力租赁+液晶显示
2026-04-20,涨停池,002803.SZ,吉宏股份,19.2,10.0287,6.4104,1,10:21:18,10:21:18,,56016902.0,5542738100.0,AI营销+跨境社交电商+一带一路
2026-04-20,涨停池,600979.SH,广安爱众,4.84,10.0,8.4656,1,10:20:32,10:17:08,1,25324574.0,5964137400.0,电力+液冷服务器+分布式光伏+国企改革
2026-04-20,涨停池,002309.SZ,中利集团,4.38,10.0503,20.0846,1,10:17:57,10:17:57,,159413170.0,10538859500.0,光伏储能+光纤概念+厦门国资
2026-04-20,涨停池,603778.SH,国晟科技,26.68,10.0206,13.5047,1,10:10:17,09:46:35,9,108707660.0,17151429000.0,固态电池+异质结光伏+终止收购
2026-04-20,涨停池,603057.SH,紫燕食品,28.55,10.0193,0.8906,1,10:04:37,10:04:37,,112749089.0,11762600000.0,限制性股票激励+卤味龙头+一带一路
2026-04-20,涨停池,001270.SZ,*ST铖昌,142.8,5.0,2.4597,9,10:04:03,10:04:03,,122253079.0,29059737000.0,摘帽+T/R芯片+商业航天
2026-04-20,涨停池,002300.SZ,太阳电缆,10.42,10.0317,9.7586,1,10:02:57,10:02:57,,108888312.0,7526314000.0,海缆+数据中心+特高压
2026-04-20,涨停池,603789.SH,*ST星农,5.52,4.943,1.0686,1,09:55:55,09:55:55,,6025411.2,1435200000.0,摘帽预期+农机+无人驾驶+专用车注入
2026-04-20,涨停池,001229.SZ,魅视科技,40.07,9.9918,5.9606,1,09:54:36,09:54:36,,66724804.0,2110864800.0,商业航天+光纤KVMS+分布式视听
2026-04-20,涨停池,002692.SZ,远程股份,7.26,10.0,11.4484,1,09:54:33,09:41:03,2,60771238.0,5210567200.0,电线电缆+参股半导体+超短期融资券发行+国企改革
2026-04-20,涨停池,605222.SH,起帆电缆,31.24,10.0,4.8909,4,09:52:04,09:41:16,2,48428248.0,12899099900.0,商业航天+电线电缆+海缆扩产+转债有望提前赎回
2026-04-20,涨停池,002536.SZ,飞龙股份,40.96,9.9893,6.719,1,09:50:09,09:50:09,,152713380.0,22298668000.0,液冷服务器+机器人+汽车热管理
2026-04-20,涨停池,605299.SH,舒华体育,20.53,10.0214,9.6364,1,09:49:05,09:38:56,2,34496559.0,8401420500.0,足球概念+体育产业+健身器材+外销
2026-04-20,涨停池,300540.SZ,蜀道装备,26.64,20.0,12.4426,1,09:49:00,09:45:39,1,84529919.0,5507212700.0,商业航天+氢能装备+燃料电池+四川国资
2026-04-20,涨停池,600149.SH,廊坊发展,6.34,10.0694,7.574,1,09:48:09,09:48:09,,66453978.0,2410214400.0,供热+京津冀一体化+国企
2026-04-20,涨停池,600800.SH,渤海化学,5.08,9.9567,5.3879,1,09:45:55,09:45:55,,76465176.0,5637429500.0,丙烯酸酯投产+氢能源+天津国资
2026-04-20,涨停池,603843.SH,*ST正平,8.02,4.9738,2.9154,1,09:45:27,09:38:03,2,23386641.0,5610978400.0,算力租赁+重整预期+ST板块
2026-04-20,涨停池,603130.SH,云中马,44.48,9.9901,3.2455,1,09:45:18,09:45:18,,61725786.0,6116631600.0,革基布龙头+扩产+现金分红
2026-04-20,涨停池,600156.SH,华升股份,10.19,10.0432,8.8698,3,09:45:16,09:31:16,1,97179819.0,4097508100.0,算力租赁+液冷+拟收购易信科技+湖南国资
2026-04-20,涨停池,600184.SH,光电股份,24.44,9.991,6.4039,1,09:44:40,09:41:31,2,62839566.0,14241859000.0,光纤概念+人形机器人+军工装备+央企
2026-04-20,涨停池,002560.SZ,通达股份,15.27,10.0144,22.1613,1,09:44:39,09:31:15,1,132287186.0,6916332800.0,特高压线缆+航空零部件+一季报预增
2026-04-20,涨停池,002297.SZ,博云新材,19.46,10.0057,15.084,6,09:40:15,09:34:33,2,184599970.0,11152619800.0,一季报业绩预增+商业航天+硬质合金
2026-04-20,涨停池,603912.SH,佳力图,11.59,9.962,7.9097,1,09:40:12,09:37:12,1,106348044.0,6280028800.0,液冷+算力+东数西算
2026-04-20,涨停池,605162.SH,新中港,14.01,9.9686,5.4515,1,09:39:51,09:39:51,,67029682.0,5688388800.0,热电联产+储能+比亚迪供热+回购
2026-04-20,涨停池,600601.SH,方正科技,11.75,10.0187,4.7883,1,09:38:36,09:35:39,1,226013610.0,49000946000.0,AI扩建+HDI+光模块+珠海国资
2026-04-20,涨停池,003023.SZ,彩虹集团,31.74,10.0173,4.9361,1,09:37:12,09:37:12,,93681753.0,3336518800.0,电热毯龙头+母婴驱蚊+露营经济+AI营销
2026-04-20,涨停池,600707.SH,彩虹股份,8.57,10.0128,3.0862,2,09:37:01,09:32:04,2,117519459.0,30746330000.0,玻璃基板+ITC胜诉+国企改革
2026-04-20,涨停池,002686.SZ,亿利达,8.47,10.0,7.3785,1,09:36:24,09:35:18,2,20592222.0,4427545200.0,数据中心冷却+控制权变更+浙江国资
2026-04-20,涨停池,603699.SH,纽威股份,56.32,10.0,0.7586,1,09:35:13,09:33:16,4,114768896.0,42698598000.0,年报增长+核电阀门+氢能应用
2026-04-20,涨停池,000404.SZ,长虹华意,7.79,10.0282,4.242,1,09:34:42,09:34:42,,128724196.0,5397224000.0,一季报增长+压缩机龙头+国企
2026-04-20,涨停池,605168.SH,三人行,41.79,10.0026,3.4524,1,09:34:39,09:34:39,,30389521.0,8810041800.0,年报增长+算力租赁+AI营销
2026-04-20,涨停池,603025.SH,大豪科技,16.89,10.0326,1.4282,1,09:33:40,09:31:34,3,59311633.0,18733962000.0,一季报增长+缝制电控龙头+机器人+北京国资
2026-04-20,涨停池,603017.SH,中衡设计,14.21,9.9845,4.8833,1,09:33:08,09:33:08,,49227106.0,3924664100.0,商业航天+低空经济+工程设计
2026-04-20,涨停池,603773.SH,沃格光电,58.19,10.0,4.2609,8,09:33:01,09:30:46,3,104985409.0,13072885900.0,玻璃基板+CPO+商业航天
2026-04-20,涨停池,003006.SZ,百亚股份,18.33,10.024,1.5277,1,09:32:36,09:32:36,,88484739.0,7855742400.0,盈利修复+卫生巾+纸尿裤+全国扩张
2026-04-20,涨停池,600590.SH,泰豪科技,17.42,9.9747,4.8282,1,09:32:35,09:30:13,1,158155240.0,14694981000.0,算力+军工电源+储能
2026-04-20,涨停池,000752.SZ,ST西发,9.93,4.9683,0.7253,1,09:31:03,09:31:03,,10844543.1,2619121800.0,ST重整+拟全资控股拉萨啤酒+业绩预增
2026-04-20,涨停池,002491.SZ,通鼎互联,16.64,9.9802,6.1007,3,09:30:54,09:30:54,,250521360.0,19576442000.0,光纤光缆+数据中心+储能消防
2026-04-20,涨停池,002647.SZ,仁东控股,11.54,10.0095,2.0339,1,09:30:18,09:30:18,,91424981.0,11716465700.0,AI算力+第三方支付+摘帽
2026-04-20,涨停池,002418.SZ,康盛股份,6.81,10.0162,5.527,2,09:30:00,09:30:00,,342695390.0,7738865900.0,液冷算力+家电制冷+扭亏预增
2026-04-20,涨停池,002217.SZ,合力泰,2.95,10.0746,3.4082,2,09:30:00,09:30:00,,337681780.0,21474001000.0,算力租赁+电子纸+福建国资
2026-04-20,涨停池,600961.SH,株冶集团,24.3,10.0045,0.6766,3,09:25:00,09:25:00,,566746860.0,18269041000.0,一季报增长+黄金+铟金属+央企
2026-04-20,涨停池,600330.SH,天通股份,23.9,9.9862,2.5119,2,09:25:00,09:25:00,,454389600.0,29479083000.0,铌酸锂晶体+光模块+商业航天
2026-04-20,涨停池,002843.SZ,泰嘉股份,27.98,9.9843,3.7694,1,09:25:00,09:25:00,,117854642.0,7017175900.0,数据中心电源+商业航天+锯切龙头
2026-04-20,涨停池,002496.SZ,*ST辉丰,2.12,4.9505,0.2307,1,09:25:00,09:25:00,,37814694.0,2504246800.0,提交撤销退市风险警示申请+功能肥+氢能源
2026-04-20,涨停池,000609.SZ,ST中迪,10.25,5.0205,0.2963,6,09:25:00,09:25:00,,154586400.0,2983347300.0,半导体资产注入+房地产回款+ST博弈
2026-04-20,炸板池,688227.SH,品高股份,116.66,15.0947,20.9667,1,09:48:30,09:25:03,2,0.0,13189028400.0,未知
2026-04-20,炸板池,002475.SZ,立讯精密,65.73,10.0084,5.4053,1,14:56:57,13:13:57,29,0.0,477809320000.0,未知
2026-04-20,炸板池,002837.SZ,英维克,121.08,9.4063,9.974,1,11:03:15,10:05:51,2,0.0,102941607000.0,未知
2026-04-20,炸板池,002392.SZ,北京利尔,7.77,8.6713,5.4433,1,13:33:30,10:04:27,1,0.0,8887958300.0,未知
2026-04-20,炸板池,603139.SH,康惠股份,32.54,8.0345,9.6559,1,14:37:40,09:43:01,4,0.0,3250095200.0,未知
2026-04-20,炸板池,601002.SH,晋亿实业,6.68,7.916,12.8857,1,13:10:20,13:07:44,1,0.0,6375664000.0,未知
2026-04-20,炸板池,002580.SZ,圣阳股份,33.0,7.9137,23.1904,1,14:56:15,09:31:33,21,0.0,14927180000.0,未知
2026-04-20,炸板池,002273.SZ,水晶光电,31.18,7.3691,9.4343,1,13:37:15,11:29:39,3,0.0,42469604000.0,未知
2026-04-20,炸板池,000977.SZ,浪潮信息,73.12,7.1669,10.136,1,10:12:42,09:43:18,2,0.0,107254742000.0,未知
2026-04-20,炸板池,002432.SZ,九安医疗,80.28,6.5428,9.6165,1,13:07:33,13:07:24,1,0.0,35195527000.0,未知
2026-04-20,炸板池,000778.SZ,新兴铸管,4.75,6.5022,4.1812,1,09:35:36,09:35:24,1,0.0,18494222000.0,未知
2026-04-20,炸板池,003041.SZ,真爱美家,61.37,6.2132,6.949,1,10:10:45,09:34:33,1,0.0,8396852100.0,未知
2026-04-20,炸板池,002047.SZ,*ST宝鹰,5.81,5.0633,3.0182,1,13:26:12,11:22:09,11,0.0,8808883400.0,未知
2026-04-20,炸板池,002058.SZ,*ST威尔,22.97,4.9817,2.7418,1,14:56:57,10:25:30,13,0.0,3287415400.0,未知
2026-04-20,炸板池,003004.SZ,*ST声迅,33.49,4.8528,2.2055,1,10:20:18,10:16:03,1,0.0,2302150100.0,未知
2026-04-20,炸板池,600367.SH,红星发展,22.37,4.7285,19.1244,1,13:39:29,13:38:23,1,0.0,7202540100.0,未知
2026-04-20,炸板池,002962.SZ,五方光电,18.08,4.2075,23.0729,1,09:48:27,09:42:30,2,0.0,3782046800.0,未知
2026-04-20,炸板池,000929.SZ,*ST兰黄,10.57,3.7291,2.708,1,10:25:54,09:47:33,2,0.0,1963422100.0,未知
2026-04-20,炸板池,603822.SH,ST嘉澳,86.74,2.736,1.9092,1,14:17:40,14:12:19,1,0.0,6663877400.0,未知
2026-04-20,炸板池,603021.SH,ST华鹏,8.02,2.5575,4.0144,1,11:27:15,10:55:57,2,0.0,2565983500.0,未知
2026-04-20,炸板池,002528.SZ,ST英飞拓,5.51,2.4164,7.2373,1,11:06:36,09:38:51,5,0.0,5786709900.0,未知
2026-04-20,炸板池,002940.SZ,昂利康,39.8,1.6343,32.694,1,09:32:18,09:32:03,2,0.0,7373963600.0,未知
2026-04-20,跌停池,000669.SZ,ST金鸿,4.24,-4.9327,3.7761,1,,,,0.0,2884933300.0,未知
2026-04-20,跌停池,600636.SH,*ST国化,5.79,-4.9261,6.9937,1,,,,0.0,2539707100.0,未知
2026-04-20,跌停池,600746.SH,江苏索普,8.59,-9.9581,3.5757,1,,,,0.0,10031770400.0,未知
2026-04-20,跌停池,600599.SH,*ST熊猫,3.91,-5.0971,2.6677,1,,,,0.0,649060000.0,未知
2026-04-20,跌停池,603360.SH,百傲化学,24.02,-10.0037,4.528,1,,,,0.0,16963492000.0,未知
2026-04-20,跌停池,603398.SH,*ST沐邦,11.5,-5.0372,3.2693,1,,,,0.0,4986877500.0,未知
2026-04-20,跌停池,603557.SH,ST起步,4.07,-4.9065,2.6358,1,,,,0.0,2537388100.0,未知
2026-04-20,跌停池,000711.SZ,ST京蓝,3.9,-4.878,3.516,1,,,,0.0,9288550900.0,未知
2026-04-20,跌停池,605178.SH,时空科技,78.17,-9.9942,2.2357,1,,,,0.0,7745083600.0,未知
2026-04-20,跌停池,605081.SH,*ST太和,7.19,-5.0198,0.1287,1,,,,0.0,814246450.0,未知
2026-04-20,跌停池,603189.SH,网达软件,13.73,-9.9672,1.0143,1,,,,0.0,3700898800.0,未知
2026-04-20,跌停池,600734.SH,实达集团,3.07,-9.9707,0.787,1,,,,0.0,6686009000.0,未知
2026-04-20,跌停池,600193.SH,*ST创兴,2.8,-5.0847,0.6493,1,,,,0.0,1191044400.0,未知
2026-04-20,跌停池,603272.SH,联翔股份,27.54,-10.0,0.3851,1,,,,0.0,2853887600.0,未知
2026-04-20,跌停池,002898.SZ,*ST赛隆,12.51,-5.0114,0.1762,1,,,,0.0,1266794640.0,未知
2026-04-20,跌停池,002731.SZ,ST萃华,6.56,-4.9275,0.5754,1,,,,0.0,1506546000.0,未知
2026-04-20,跌停池,000004.SZ,*ST国华,3.57,-5.0532,1.4667,1,,,,0.0,450847330.0,未知
2026-04-21,涨停池,002342.SZ,巨力索具,21.42,10.0154,30.304,1,14:56:51,14:56:51,,163990680.0,20449460000.0,商业航天+深海系泊+索具龙头+年报扭亏
2026-04-21,涨停池,600520.SH,三佳科技,30.5,9.9892,18.4996,3,14:55:44,14:55:44,,109176275.0,4832115000.0,先进封装+半导体设备+合肥国资
2026-04-21,涨停池,002201.SZ,九鼎新材,13.93,10.0316,15.6848,1,14:51:45,14:51:45,,171033280.0,8386182500.0,年报增长+商业航天+玻璃纤维+风电叶片
2026-04-21,涨停池,000715.SZ,中兴商业,6.27,10.0,5.5382,1,14:42:09,14:42:09,,45443957.0,3049432900.0,百货零售+首店经济+恐龙IP
2026-04-21,涨停池,603813.SH,*ST原尚,30.21,5.0052,1.7562,2,14:38:29,14:07:53,7,2978706.0,3172503200.0,退市风险博弈+氢能物流+电商物流
2026-04-21,涨停池,600699.SH,均胜电子,28.71,10.0,7.6655,1,14:27:15,14:27:15,,316362500.0,38903590000.0,参投光模块公司+人形机器人+汽车电子
2026-04-21,涨停池,002361.SZ,神剑股份,22.69,9.9855,44.1631,5,14:25:48,09:36:15,3,274986080.0,18359001000.0,商业航天+无人机+聚酯树脂+地方国资
2026-04-21,涨停池,605365.SH,立达信,27.65,9.9841,3.3448,1,14:18:20,14:18:20,,49208705.0,13880656000.0,机器人+LED照明+泰国基地+北美订单
2026-04-21,涨停池,002982.SZ,湘佳股份,15.54,9.9788,11.3443,1,14:17:12,14:17:12,,164796480.0,2021616200.0,黄羽肉鸡+猪肉概念+预制菜
2026-04-21,涨停池,600381.SH,*ST春天,3.1,5.0847,2.4375,2,14:16:30,09:52:42,2,1902854.4,1819888300.0,高端白酒+虫草龙头+退市博弈
2026-04-21,涨停池,001268.SZ,联合精密,37.19,9.997,15.2761,4,14:11:00,09:41:06,13,22920197.0,2340490700.0,成飞概念+拟收购迈特航空+精密零部件+业绩增长
2026-04-21,涨停池,301486.SZ,致尚科技,209.06,19.9977,29.3206,1,14:10:00,13:03:21,5,89126041.0,15147182000.0,并购恒扬数据+光通信+CPO
2026-04-21,涨停池,600979.SH,广安爱众,5.32,9.9174,15.3659,2,13:44:04,11:27:13,1,36972399.0,6555622100.0,电力+液冷服务器+分布式光伏+国企改革
2026-04-21,涨停池,603788.SH,宁波高发,17.44,10.0315,6.6228,1,13:43:15,13:43:15,,41395584.0,3890254800.0,年报增长+高分红+新能源汽车+电子换挡器
2026-04-21,涨停池,000819.SZ,岳阳兴长,17.08,9.9807,6.9646,1,13:32:12,13:32:12,,39749994.0,6243291800.0,MOFs材料+茂金属聚烯烃+石油化工+央企
2026-04-21,涨停池,688020.SH,方邦股份,112.25,20.0021,11.4819,1,13:28:31,13:01:58,13,30504050.0,9248165300.0,可剥铜+电子铜箔+先进封装+PCB
2026-04-21,涨停池,600636.SH,*ST国化,6.08,5.0086,6.0198,1,13:26:48,13:11:33,3,7736021.8,2666911800.0,AI+教育+ST摘帽博弈+国企改革
2026-04-21,涨停池,600107.SH,ST尔雅,5.79,5.0817,1.6243,1,13:22:43,13:22:43,,4836387.0,2084400000.0,ST保壳+储能+服装
2026-04-21,涨停池,002338.SZ,奥普光电,64.06,9.9931,9.9989,1,13:09:12,10:05:21,1,59527819.0,15374400000.0,年报增长+大股东长春光机所+商业航天+军工电子
2026-04-21,涨停池,002846.SZ,英联股份,16.29,9.9932,7.335,1,13:05:21,13:05:21,,86170842.0,4186824800.0,固态电池+复合集流体+锂金属负极
2026-04-21,涨停池,000056.SZ,皇庭国际,2.07,10.1064,20.4477,1,13:03:42,10:14:54,2,7448274.0,1870713900.0,功率半导体+固态电池+商业管理
2026-04-21,涨停池,603898.SH,好莱客,14.5,10.0152,2.5744,1,13:02:20,13:02:20,,64688850.0,4514503400.0,AI智能家居+IP经济+定制家居
2026-04-21,涨停池,600308.SH,华泰股份,4.14,10.1064,3.231,1,13:01:44,13:01:44,,52894213.0,6279842500.0,造纸+化工涨价+光伏
2026-04-21,涨停池,600599.SH,*ST熊猫,4.11,5.1151,2.9234,1,13:00:14,13:00:14,,2937396.5,682260000.0,退市博弈+烟花爆竹+业绩预盈
2026-04-21,涨停池,000690.SZ,宝新能源,5.27,10.0209,11.0895,1,11:29:18,11:29:18,,168664710.0,11459447400.0,年报增长+绿电龙头
2026-04-21,涨停池,600396.SH,华电辽能,8.13,10.0135,20.6149,1,11:26:16,11:26:16,,74378931.0,11973106400.0,火电+氢能+央企
2026-04-21,涨停池,600032.SH,浙江新能,10.86,10.0304,4.8812,1,11:25:16,11:25:16,,138047980.0,26114774000.0,绿电+氢能+浙江国资
2026-04-21,涨停池,688268.SH,华特气体,119.04,20.0,12.1425,1,11:25:09,10:46:42,1,95219977.0,14274726000.0,氦气涨价+光刻气+国产替代
2026-04-21,涨停池,002950.SZ,奥美医疗,14.38,10.023,8.7853,1,11:11:36,11:11:36,,167022260.0,6499691100.0,医用敷料+AI医疗+三胎+出口第一
2026-04-21,涨停池,003027.SZ,同兴科技,25.15,10.0175,11.557,1,10:50:51,10:50:51,,83614671.0,2637253300.0,钠电扩产+CCUS+烟气治理
2026-04-21,涨停池,600261.SH,阳光照明,4.07,10.0,5.8215,1,10:50:32,10:47:47,1,37928330.0,5433665600.0,氢能装备+LED照明+年报发布+高股息
2026-04-21,涨停池,603115.SH,海星股份,48.69,10.009,3.5477,1,10:46:03,10:46:03,,88104798.0,11777643600.0,AI服务器电极箔+储能电极箔+业绩高增+高分红
2026-04-21,涨停池,002853.SZ,皮阿诺,29.03,10.0038,4.2048,1,10:44:54,10:44:54,,33622546.0,3736300800.0,AI设计+电竞房+群核科技酷家乐+实控人拟变更
2026-04-21,涨停池,688661.SH,和林微纳,103.44,20.0,8.8234,1,10:40:04,10:10:01,13,79961292.0,15711277000.0,半导体探针+AMD合作+H股上市+年报扭亏
2026-04-21,涨停池,600103.SH,青山纸业,5.2,9.9366,18.2102,2,10:39:16,10:39:16,,182609410.0,11504111000.0,光模块+林浆纸+福建国资
2026-04-21,涨停池,002620.SZ,ST瑞和,9.82,5.0267,5.9516,2,10:29:09,09:33:18,2,6567095.5,3096838200.0,重整投资人+光伏建筑一体化+建筑装饰
2026-04-21,涨停池,002952.SZ,亚世光电,27.29,9.996,8.4167,1,10:25:12,10:25:12,,109290992.0,3592592900.0,电子纸+液晶显示+液晶光阀+外销
2026-04-21,涨停池,000539.SZ,粤电力A,6.39,9.9828,4.5796,1,10:23:33,10:23:33,,130343341.0,16328922000.0,算电协同+电力+广东国资
2026-04-21,涨停池,603815.SH,交建股份,7.07,9.9533,11.1099,1,10:21:33,10:01:06,1,88850104.0,4375794300.0,基建+新型城镇化+地下管网
2026-04-21,涨停池,300533.SZ,冰川网络,30.58,20.0157,15.6268,1,10:13:03,10:13:03,,111179156.0,5044895100.0,年报扭亏+高分红+游戏+出海
2026-04-21,涨停池,600715.SH,文投控股,2.22,9.901,5.2548,1,10:06:07,10:02:37,1,22949916.0,6354466400.0,AI漫剧+影视院线+北京国资
2026-04-21,涨停池,605298.SH,必得科技,59.62,10.0,1.6883,3,10:04:18,10:04:18,,91296106.0,11104284600.0,半导体资产注入猜测+轨交配套+业绩高增
2026-04-21,涨停池,603738.SH,泰晶科技,34.67,9.9937,12.3628,3,10:02:25,09:55:34,1,106441164.0,13378719300.0,625MHz晶振+光模块+石英晶体+人形机器人
2026-04-21,涨停池,002289.SZ,*ST宇顺,29.31,5.0161,0.9886,2,09:57:42,09:57:42,,17004197.0,8205443900.0,IDC并购+算力租赁+液晶显示
2026-04-21,涨停池,002565.SZ,顺灏股份,22.32,10.0049,12.2268,1,09:56:57,09:25:00,3,341198010.0,23657948000.0,太空算力+增资轨道辰光+环保包装
2026-04-21,涨停池,600736.SH,苏州高新,6.92,10.0159,4.2954,1,09:52:41,09:52:41,,133536790.0,7966946900.0,商业航天+产业园运营+脑机接口+国企
2026-04-21,涨停池,003018.SZ,金富科技,47.45,9.9907,5.462,3,09:45:39,09:36:21,4,57609045.0,11264036900.0,液冷产能扩张+瓶盖龙头+饮料供应链
2026-04-21,涨停池,000980.SZ,众泰汽车,2.38,10.1852,4.0753,1,09:44:39,09:44:39,,75258746.0,11974705000.0,汽车整车+子公司复产+高管聘任
2026-04-21,涨停池,603016.SH,新宏泰,55.23,9.998,3.1442,1,09:43:48,09:42:20,3,50148730.0,8182876800.0,断路器+特高压+国企改革
2026-04-21,涨停池,600696.SH,*ST岩石,1.19,5.3097,1.8407,3,09:41:31,09:41:31,,2325974.0,398018620.0,退市博弈+酱香型白酒+ST板块
2026-04-21,涨停池,603178.SH,圣龙股份,21.08,10.0209,11.8248,3,09:41:05,09:39:32,2,110807020.0,4983562500.0,机器人关节+低空经济+新能源电驱
2026-04-21,涨停池,603030.SH,全筑股份,2.57,9.8291,3.4281,1,09:38:45,09:37:06,3,22364140.0,3384519100.0,机器人+先进光源+AI智慧建造+海外布局
2026-04-21,涨停池,600421.SH,*ST华嵘,5.55,4.9149,1.0112,1,09:34:49,09:34:49,,8179035.0,1085580000.0,风电模具+业绩预盈+退市风险
2026-04-21,涨停池,603335.SH,迪生力,7.37,10.0,4.7573,1,09:34:21,09:34:21,,35961915.0,3155425700.0,锂电池回收+汽车轮毂+年报净利扭亏
2026-04-21,涨停池,600678.SH,四川金顶,11.87,10.0093,8.5491,1,09:32:45,09:31:15,2,80038211.0,4142511300.0,商业航天+石灰石+太空采矿+国企改革
2026-04-21,涨停池,600243.SH,*ST海华,4.08,4.8843,0.9168,2,09:32:40,09:32:10,1,6583426.8,1790508000.0,退市博弈+减速器+电梯配件
2026-04-21,涨停池,002081.SZ,金螳螂,4.49,10.049,4.5208,3,09:30:24,09:30:24,,259267530.0,11874276000.0,商业航天产业配套+半导体洁净室+越南合作+EPC总包
2026-04-21,涨停池,603017.SH,中衡设计,15.63,9.993,5.3366,2,09:30:21,09:30:00,1,93006315.0,4316854300.0,商业航天+低空经济+工程设计
2026-04-21,涨停池,301022.SZ,海泰科,33.4,20.0144,4.3292,1,09:30:00,09:30:00,,57299771.0,2244010300.0,拟收购旭域股份+人形机器人+汽车模具
2026-04-21,涨停池,000802.SZ,北京文化,4.46,10.1235,4.6025,1,09:30:00,09:30:00,,129488068.0,3191326300.0,影视IP+文旅小镇+演出经济
2026-04-21,涨停池,603843.SH,*ST正平,8.42,4.9875,0.3375,2,09:25:02,09:25:02,,32750432.0,5890827700.0,算力租赁+重整预期+ST板块
2026-04-21,涨停池,600961.SH,株冶集团,26.73,10.0,1.5768,4,09:25:02,09:25:02,,534902050.0,20095945000.0,一季报增长+黄金+铟金属+央企
2026-04-21,涨停池,300067.SZ,安诺其,5.05,19.9525,0.9069,1,09:25:00,09:25:00,,572928780.0,4734292600.0,拟收购烽云信息+算力服务+复牌
2026-04-21,涨停池,002752.SZ,昇兴股份,6.9,10.0478,1.8859,1,09:25:00,09:25:00,,126140970.0,6731135100.0,一季报增长+金属包装+越南扩产
2026-04-21,涨停池,000609.SZ,ST中迪,10.76,4.9756,0.0753,7,09:25:00,09:25:00,,111565684.0,3131787000.0,半导体资产注入+房地产回款+ST博弈
2026-04-21,炸板池,000552.SZ,甘肃能化,2.77,9.0551,6.7953,1,10:55:54,10:39:57,1,0.0,10320497800.0,未知
2026-04-21,炸板池,603778.SH,国晟科技,29.0,8.6957,18.6406,1,14:56:49,09:36:19,80,0.0,18642857000.0,未知
2026-04-21,炸板池,603286.SH,日盈电子,69.5,8.0703,9.4032,1,13:40:39,13:15:21,2,0.0,8021330800.0,未知
2026-04-21,炸板池,000767.SZ,晋控电力,4.23,7.9082,13.5386,1,13:00:42,13:00:12,1,0.0,12318802400.0,未知
2026-04-21,炸板池,000911.SZ,广农糖业,6.25,6.4736,8.1667,1,09:48:21,09:48:00,1,0.0,2501998900.0,未知
2026-04-21,炸板池,603399.SH,永杉锂业,13.48,6.1417,17.467,1,10:38:11,10:35:44,1,0.0,6905677900.0,未知
2026-04-21,炸板池,002629.SZ,仁智股份,7.03,5.5556,18.6039,1,09:51:36,09:51:21,1,0.0,2546645500.0,未知
2026-04-21,炸板池,002763.SZ,汇洁股份,8.56,5.5487,8.7126,1,13:14:18,13:14:18,1,0.0,2598937600.0,未知
2026-04-21,炸板池,600594.SH,益佰制药,4.81,5.0218,18.1494,1,13:19:11,09:33:32,1,0.0,3809170800.0,未知
2026-04-21,炸板池,603261.SH,*ST立航,38.5,4.8761,1.3451,1,09:37:02,09:36:56,1,0.0,2983943300.0,未知
2026-04-21,炸板池,002693.SZ,*ST双成,9.02,4.6404,5.6073,1,14:56:09,13:50:36,9,0.0,3707054000.0,未知
2026-04-21,炸板池,002168.SZ,*ST惠程,4.37,4.2959,2.4964,1,11:05:57,10:54:57,5,0.0,3426793900.0,未知
2026-04-21,炸板池,002789.SZ,*ST建艺,13.85,3.6677,2.9945,1,10:08:51,09:41:27,2,0.0,2167055500.0,未知
2026-04-21,炸板池,002496.SZ,*ST辉丰,2.16,1.8868,7.4275,1,09:30:00,09:25:00,1,0.0,2551496800.0,未知
2026-04-21,炸板池,000752.SZ,ST西发,9.95,0.2014,3.2176,1,09:30:00,09:25:00,1,0.0,2624397000.0,未知
2026-04-21,炸板池,600156.SH,华升股份,9.79,-3.9254,30.1072,1,11:29:57,09:25:00,6,0.0,3936663800.0,未知
2026-04-21,炸板池,002542.SZ,*ST中岩,1.96,-4.3902,11.7256,1,09:30:48,09:25:00,1,0.0,3447191700.0,未知
2026-04-21,跌停池,002418.SZ,康盛股份,6.13,-9.9853,36.8679,1,,,,0.0,6966115700.0,未知
2026-04-21,跌停池,002528.SZ,ST英飞拓,5.23,-5.0817,4.7522,1,,,,0.0,5492648400.0,未知
2026-04-21,跌停池,002586.SZ,ST围海,4.83,-4.9213,1.5561,1,,,,0.0,5252712000.0,未知
2026-04-21,跌停池,600608.SH,*ST沪科,2.18,-4.8035,1.3324,1,,,,0.0,694049740.0,未知
2026-04-21,跌停池,600289.SH,ST信通,6.91,-4.9519,2.1266,1,,,,0.0,3910525700.0,未知
2026-04-21,跌停池,002825.SZ,纳尔股份,10.33,-10.0174,6.3244,1,,,,0.0,2650958100.0,未知
2026-04-21,跌停池,002670.SZ,国盛证券,13.21,-10.0136,3.2591,1,,,,0.0,21444462000.0,未知
2026-04-21,跌停池,002580.SZ,圣阳股份,29.7,-10.0,8.8424,1,,,,0.0,13434462000.0,未知
2026-04-21,跌停池,605081.SH,*ST太和,6.83,-5.007,0.0509,1,,,,0.0,773477500.0,未知
2026-04-21,跌停池,600734.SH,实达集团,2.76,-10.0977,8.2448,1,,,,0.0,6010874600.0,未知
2026-04-21,跌停池,605178.SH,时空科技,70.35,-10.0038,0.8131,1,,,,0.0,6970278000.0,未知
2026-04-21,跌停池,600193.SH,*ST创兴,2.66,-5.0,0.3422,1,,,,0.0,1131492180.0,未知
2026-04-21,跌停池,603272.SH,联翔股份,24.79,-9.9855,0.5285,1,,,,0.0,2568913300.0,未知
2026-04-21,跌停池,300123.SZ,ST亚光,5.14,-19.9377,0.4875,1,,,,0.0,5109264800.0,未知
2026-04-21,跌停池,002993.SZ,奥海科技,49.2,-10.0055,1.4238,1,,,,0.0,11731589100.0,未知
2026-04-21,跌停池,002898.SZ,*ST赛隆,11.88,-5.036,0.2572,1,,,,0.0,1202999220.0,未知
2026-04-21,跌停池,002837.SZ,英维克,108.97,-10.0017,0.7069,1,,,,0.0,92172781000.0,未知
2026-04-21,跌停池,002731.SZ,ST萃华,6.23,-5.0305,0.2333,1,,,,0.0,1430759400.0,未知
2026-04-21,跌停池,000004.SZ,*ST国华,3.39,-5.042,0.2932,1,,,,0.0,428115530.0,未知
